Position,Const,Created,Modified,Description,Title,Original Title,URL,Title Type,IMDb Rating,Runtime (mins),Year,Genres,Num Votes,Release Date,Directors,Your Rating,Date Rated
1,tt0390022,1/4/2024,1/4/2024,,Friday Night Lights,Friday Night Lights,https://www.imdb.com/title/tt0390022/,Movie,7.2,118,2004,"Action, Drama, Sport",70206,10/8/2004,Peter Berg,6,1/19/2026
2,tt12593682,5/19/2024,5/19/2024,,Bullet Train,Bullet Train,https://www.imdb.com/title/tt12593682/,Movie,7.3,127,2022,"Action, Comedy, Thriller",521741,8/5/2022,David Leitch,,
3,tt2294449,6/9/2022,6/9/2022,,22 Jump Street,22 Jump Street,https://www.imdb.com/title/tt2294449/,Movie,7,112,2014,"Action, Comedy, Crime, Mystery",434723,6/13/2014,"Phil Lord, Christopher Miller",,
4,tt2637276,6/9/2022,6/9/2022,,Ted 2,Ted 2,https://www.imdb.com/title/tt2637276/,Movie,6.3,115,2015,Comedy,256773,6/26/2015,Seth MacFarlane,,
5,tt5657846,6/9/2022,6/9/2022,,Daddy's Home 2,Daddy's Home 2,https://www.imdb.com/title/tt5657846/,Movie,6,100,2017,Comedy,91709,11/10/2017,Sean Anders,,
6,tt0315327,6/9/2022,6/9/2022,,Bruce Almighty,Bruce Almighty,https://www.imdb.com/title/tt0315327/,Movie,6.8,101,2003,"Comedy, Fantasy",465139,5/23/2003,Tom Shadyac,,
7,tt0133093,6/10/2022,6/10/2022,,The Matrix,The Matrix,https://www.imdb.com/title/tt0133093/,Movie,8.7,136,1999,"Action, Sci-Fi",2221528,3/31/1999,"Lana Wachowski, Lilly Wachowski",,
8,tt0332452,6/29/2022,6/29/2022,,Troy,Troy,https://www.imdb.com/title/tt0332452/,Movie,7.3,163,2004,"Action, Adventure, Drama",609296,5/14/2004,Wolfgang Petersen,,
9,tt0450259,6/29/2022,6/29/2022,,Blood Diamond,Blood Diamond,https://www.imdb.com/title/tt0450259/,Movie,8,143,2006,"Adventure, Drama, Thriller",620613,12/8/2006,Edward Zwick,,
10,tt0120689,6/29/2022,6/29/2022,,The Green Mile,The Green Mile,https://www.imdb.com/title/tt0120689/,Movie,8.6,189,1999,"Crime, Drama, Fantasy, Mystery",1541106,12/10/1999,Frank Darabont,,
11,tt0034583,6/29/2022,6/29/2022,,Casablanca,Casablanca,https://www.imdb.com/title/tt0034583/,Movie,8.5,102,1942,"Drama, Romance, War",650152,1/23/1943,Michael Curtiz,,
12,tt0120693,6/29/2022,6/29/2022,,Half Baked,Half Baked,https://www.imdb.com/title/tt0120693/,Movie,6.6,82,1998,"Comedy, Crime",70601,1/16/1998,Tamra Davis,,
13,tt2139881,6/29/2022,6/29/2022,,Long Shot,Long Shot,https://www.imdb.com/title/tt2139881/,Movie,6.8,125,2019,"Comedy, Romance",127784,5/3/2019,Jonathan Levine,,
14,tt0486946,6/29/2022,6/29/2022,,Wild Hogs,Wild Hogs,https://www.imdb.com/title/tt0486946/,Movie,5.9,100,2007,"Action, Adventure, Comedy",127196,3/2/2007,Walt Becker,,
15,tt0120663,6/29/2022,6/29/2022,,Eyes Wide Shut,Eyes Wide Shut,https://www.imdb.com/title/tt0120663/,Movie,7.5,159,1999,"Drama, Mystery, Thriller",417873,7/16/1999,Stanley Kubrick,,
16,tt0942385,6/29/2022,6/29/2022,,Tropic Thunder,Tropic Thunder,https://www.imdb.com/title/tt0942385/,Movie,7.1,107,2008,"Action, Comedy, War",483643,8/13/2008,Ben Stiller,,
17,tt0094889,6/29/2022,6/29/2022,,Cocktail,Cocktail,https://www.imdb.com/title/tt0094889/,Movie,5.9,104,1988,"Comedy, Drama, Romance",97388,7/29/1988,Roger Donaldson,,
18,tt0221027,6/29/2022,6/29/2022,,Blow,Blow,https://www.imdb.com/title/tt0221027/,Movie,7.5,124,2001,"Biography, Crime, Drama",286033,4/6/2001,Ted Demme,,
19,tt9620288,6/29/2022,6/29/2022,,King Richard,King Richard,https://www.imdb.com/title/tt9620288/,Movie,7.5,144,2021,"Biography, Drama, Sport",168432,11/19/2021,Reinaldo Marcus Green,,
20,tt11729298,6/29/2022,6/29/2022,,American Underdog,American Underdog,https://www.imdb.com/title/tt11729298/,Movie,7.1,112,2021,"Biography, Drama, Romance, Sport",27759,12/25/2021,"Andrew Erwin, Jon Erwin",,
21,tt0445990,6/29/2022,6/29/2022,,Invincible,Invincible,https://www.imdb.com/title/tt0445990/,Movie,7,105,2006,"Biography, Drama, Sport",78754,8/25/2006,Ericson Core,,
22,tt0091217,6/29/2022,6/29/2022,,Hoosiers,Hoosiers,https://www.imdb.com/title/tt0091217/,Movie,7.4,114,1986,"Drama, Sport",56338,2/27/1987,David Anspaugh,,
23,tt0453562,6/29/2022,6/29/2022,,42,42,https://www.imdb.com/title/tt0453562/,Movie,7.5,128,2013,"Biography, Drama, Sport",107820,4/12/2013,Brian Helgeland,,
24,tt0449059,6/29/2022,6/29/2022,,Little Miss Sunshine,Little Miss Sunshine,https://www.imdb.com/title/tt0449059/,Movie,7.8,101,2006,"Comedy, Drama",552050,8/18/2006,"Jonathan Dayton, Valerie Faris",,
25,tt0349205,6/29/2022,6/29/2022,,Cheaper by the Dozen,Cheaper by the Dozen,https://www.imdb.com/title/tt0349205/,Movie,5.9,98,2003,"Comedy, Family",115445,12/25/2003,Shawn Levy,,
26,tt0481513,6/29/2022,6/29/2022,,Dr. Dolittle 3,Dr. Dolittle 3,https://www.imdb.com/title/tt0481513/,Video,4,93,2006,"Comedy, Family, Fantasy",8021,4/25/2006,Rich Thorne,,
27,tt0118998,6/29/2022,6/29/2022,,Doctor Dolittle,Doctor Dolittle,https://www.imdb.com/title/tt0118998/,Movie,5.4,85,1998,"Comedy, Family, Fantasy",107009,6/26/1998,Betty Thomas,,
28,tt0074174,6/29/2022,6/29/2022,,The Bad News Bears,The Bad News Bears,https://www.imdb.com/title/tt0074174/,Movie,7.3,102,1976,"Comedy, Drama, Family, Sport",27049,4/7/1976,Michael Ritchie,,
29,tt0332280,6/29/2022,6/29/2022,,The Notebook,The Notebook,https://www.imdb.com/title/tt0332280/,Movie,7.8,123,2004,"Drama, Romance",677401,6/25/2004,Nick Cassavetes,,
30,tt0087538,6/29/2022,6/29/2022,,The Karate Kid,The Karate Kid,https://www.imdb.com/title/tt0087538/,Movie,7.3,126,1984,"Action, Drama, Family, Sport",268275,6/22/1984,John G. Avildsen,,
31,tt2097298,6/29/2022,6/29/2022,,"McFarland, USA","McFarland, USA",https://www.imdb.com/title/tt2097298/,Movie,7.4,129,2015,"Biography, Drama, Sport",45966,2/20/2015,Niki Caro,,
32,tt0191397,6/29/2022,6/29/2022,,The Replacements,The Replacements,https://www.imdb.com/title/tt0191397/,Movie,6.6,118,2000,"Comedy, Sport",73809,8/11/2000,Howard Deutch,,
33,tt0078788,7/1/2022,7/1/2022,,Apocalypse Now,Apocalypse Now,https://www.imdb.com/title/tt0078788/,Movie,8.4,147,1979,"Drama, Mystery, War",763097,8/15/1979,Francis Ford Coppola,,
34,tt0087843,7/1/2022,7/1/2022,,Once Upon a Time in America,C'era una volta in America,https://www.imdb.com/title/tt0087843/,Movie,8.3,229,1984,"Crime, Drama",405229,6/1/1984,Sergio Leone,,
35,tt0208092,7/1/2022,7/1/2022,,Snatch,Snatch,https://www.imdb.com/title/tt0208092/,Movie,8.2,102,2000,"Comedy, Crime",968131,1/19/2001,Guy Ritchie,,
36,tt0116282,7/1/2022,7/1/2022,,Fargo,Fargo,https://www.imdb.com/title/tt0116282/,Movie,8.1,98,1996,"Crime, Drama, Thriller",777356,4/5/1996,"Joel Coen, Ethan Coen",,
37,tt0083658,7/1/2022,7/1/2022,,Blade Runner,Blade Runner,https://www.imdb.com/title/tt0083658/,Movie,8.1,117,1982,"Action, Drama, Sci-Fi, Thriller",873947,6/25/1982,Ridley Scott,,
38,tt0071771,7/3/2022,7/3/2022,,The Longest Yard,The Longest Yard,https://www.imdb.com/title/tt0071771/,Movie,7.1,121,1974,"Comedy, Crime, Drama, Sport",22927,8/30/1974,Robert Aldrich,,
39,tt1570728,7/6/2022,7/6/2022,,"Crazy, Stupid, Love.","Crazy, Stupid, Love.",https://www.imdb.com/title/tt1570728/,Movie,7.4,118,2011,"Comedy, Drama, Romance",608123,7/29/2011,"Glenn Ficarra, John Requa",,
40,tt0770752,7/6/2022,7/6/2022,,Fool's Gold,Fool's Gold,https://www.imdb.com/title/tt0770752/,Movie,5.7,112,2008,"Action, Adventure, Comedy, Romance, Thriller",88675,2/8/2008,Andy Tennant,,
41,tt1155056,7/6/2022,7/6/2022,,"I Love You, Man","I Love You, Man",https://www.imdb.com/title/tt1155056/,Movie,7,105,2009,"Comedy, Romance",224511,3/20/2009,John Hamburg,,
42,tt0251127,7/6/2022,7/6/2022,,How to Lose a Guy in 10 Days,How to Lose a Guy in 10 Days,https://www.imdb.com/title/tt0251127/,Movie,6.5,116,2003,"Comedy, Romance",314345,2/7/2003,Donald Petrie,,
43,tt0427229,7/6/2022,7/6/2022,,Failure to Launch,Failure to Launch,https://www.imdb.com/title/tt0427229/,Movie,5.7,97,2006,"Comedy, Romance",92942,3/10/2006,Tom Dey,,
44,tt0800039,7/6/2022,7/6/2022,,Forgetting Sarah Marshall,Forgetting Sarah Marshall,https://www.imdb.com/title/tt0800039/,Movie,7.1,111,2008,"Comedy, Drama, Romance",317855,4/18/2008,Nicholas Stoller,,
45,tt0120783,7/6/2022,7/6/2022,,The Parent Trap,The Parent Trap,https://www.imdb.com/title/tt0120783/,Movie,6.7,128,1998,"Adventure, Comedy, Drama, Family, Romance",171246,7/29/1998,Nancy Meyers,,
46,tt0490215,7/9/2022,7/9/2022,,Silence,Silence,https://www.imdb.com/title/tt0490215/,Movie,7.2,161,2016,"Drama, History",132051,1/13/2017,Martin Scorsese,,
47,tt1231583,7/10/2022,7/10/2022,,Due Date,Due Date,https://www.imdb.com/title/tt1231583/,Movie,6.5,95,2010,"Comedy, Drama",369850,11/5/2010,Todd Phillips,,
48,tt0142342,7/10/2022,7/10/2022,,Big Daddy,Big Daddy,https://www.imdb.com/title/tt0142342/,Movie,6.5,93,1999,"Comedy, Drama",249453,6/25/1999,Dennis Dugan,,
49,tt0146838,7/10/2022,7/10/2022,,Any Given Sunday,Any Given Sunday,https://www.imdb.com/title/tt0146838/,Movie,6.9,162,1999,"Drama, Sport",130601,12/22/1999,Oliver Stone,,
50,tt0075148,7/23/2022,7/23/2022,,Rocky,Rocky,https://www.imdb.com/title/tt0075148/,Movie,8.1,120,1976,"Drama, Sport",680600,12/3/1976,John G. Avildsen,,
51,tt0113118,7/23/2022,7/23/2022,,Friday,Friday,https://www.imdb.com/title/tt0113118/,Movie,7.2,91,1995,"Comedy, Drama",135359,4/26/1995,F. Gary Gray,,
52,tt0212338,7/23/2022,7/23/2022,,Meet the Parents,Meet the Parents,https://www.imdb.com/title/tt0212338/,Movie,7,108,2000,"Comedy, Romance",375335,10/6/2000,Jay Roach,,
53,tt3076658,7/26/2022,7/26/2022,,Creed,Creed,https://www.imdb.com/title/tt3076658/,Movie,7.6,133,2015,"Action, Drama, Sport",330723,11/25/2015,Ryan Coogler,,
54,tt11145118,7/26/2022,7/26/2022,,Creed III,Creed III,https://www.imdb.com/title/tt11145118/,Movie,6.7,116,2023,"Action, Drama, Sport",105352,3/3/2023,Michael B. Jordan,,
55,tt0098206,8/4/2022,8/4/2022,,Road House,Road House,https://www.imdb.com/title/tt0098206/,Movie,6.7,114,1989,"Action, Thriller",110389,5/19/1989,Rowdy Herrington,,
56,tt1790825,8/17/2022,8/17/2022,,Murph: The Protector,Murph: The Protector,https://www.imdb.com/title/tt1790825/,Movie,6.4,79,2013,Documentary,1488,3/22/2013,Scott Mactavish,,
57,tt1535109,8/17/2022,8/17/2022,,Captain Phillips,Captain Phillips,https://www.imdb.com/title/tt1535109/,Movie,7.8,134,2013,"Action, Biography, Crime, Drama, Thriller",515973,10/11/2013,Paul Greengrass,,
58,tt0110197,8/24/2022,8/24/2022,,Jimmy Hollywood,Jimmy Hollywood,https://www.imdb.com/title/tt0110197/,Movie,5.3,112,1994,"Comedy, Crime, Drama",3807,3/30/1994,Barry Levinson,,
59,tt1320253,10/15/2022,10/15/2022,,The Expendables,The Expendables,https://www.imdb.com/title/tt1320253/,Movie,6.4,103,2010,"Action, Adventure, Thriller",378230,8/13/2010,Sylvester Stallone,,
60,tt0298203,12/31/2022,12/31/2022,,8 Mile,8 Mile,https://www.imdb.com/title/tt0298203/,Movie,7.2,110,2002,"Drama, Music",347841,11/8/2002,Curtis Hanson,,
61,tt0112442,2/23/2023,2/23/2023,,Bad Boys,Bad Boys,https://www.imdb.com/title/tt0112442/,Movie,6.8,119,1995,"Action, Comedy, Crime, Thriller",312535,4/7/1995,Michael Bay,,
62,tt0338751,2/23/2023,2/23/2023,,The Aviator,The Aviator,https://www.imdb.com/title/tt0338751/,Movie,7.5,170,2004,"Biography, Drama",403986,12/25/2004,Martin Scorsese,,
63,tt0454921,2/23/2023,2/23/2023,,The Pursuit of Happyness,The Pursuit of Happyness,https://www.imdb.com/title/tt0454921/,Movie,8,117,2006,"Biography, Drama",612006,12/15/2006,Gabriele Muccino,,
64,tt11286314,2/23/2023,2/23/2023,,Don't Look Up,Don't Look Up,https://www.imdb.com/title/tt11286314/,Movie,7.1,138,2021,"Comedy, Drama, Sci-Fi",661117,12/24/2021,Adam McKay,,
65,tt3532216,3/30/2023,3/30/2023,,American Made,American Made,https://www.imdb.com/title/tt3532216/,Movie,7.1,115,2017,"Action, Comedy, Crime, Drama, Thriller",230313,9/29/2017,Doug Liman,,
66,tt0496806,4/27/2023,4/27/2023,,Ocean's Thirteen,Ocean's Thirteen,https://www.imdb.com/title/tt0496806/,Movie,6.9,122,2007,"Crime, Thriller",384523,6/8/2007,Steven Soderbergh,,
67,tt0092272,5/3/2023,5/3/2023,,Youngblood,Youngblood,https://www.imdb.com/title/tt0092272/,Movie,6.2,110,1986,"Drama, Romance, Sport",16863,1/31/1986,Peter Markle,,
68,tt0203019,5/11/2023,5/11/2023,,Men of Honor,Men of Honor,https://www.imdb.com/title/tt0203019/,Movie,7.2,129,2000,"Biography, Drama",130778,11/10/2000,George Tillman Jr.,,
69,tt0106489,5/19/2023,5/19/2023,,A Bronx Tale,A Bronx Tale,https://www.imdb.com/title/tt0106489/,Movie,7.8,121,1993,"Crime, Drama",181400,10/1/1993,Robert De Niro,,
70,tt0398165,5/19/2023,5/19/2023,,The Longest Yard,The Longest Yard,https://www.imdb.com/title/tt0398165/,Movie,6.4,113,2005,"Comedy, Crime, Sport",209190,5/27/2005,Peter Segal,,
71,tt1632708,5/19/2023,5/19/2023,,Friends with Benefits,Friends with Benefits,https://www.imdb.com/title/tt1632708/,Movie,6.5,109,2011,"Comedy, Romance",416912,7/22/2011,Will Gluck,,
72,tt0443453,5/19/2023,5/19/2023,,Borat,Borat: Cultural Learnings of America for Make Benefit Glorious Nation of Kazakhstan,https://www.imdb.com/title/tt0443453/,Movie,7.4,84,2006,Comedy,472033,11/3/2006,Larry Charles,,
73,tt0343737,5/19/2023,5/19/2023,,The Good Shepherd,The Good Shepherd,https://www.imdb.com/title/tt0343737/,Movie,6.7,167,2006,"Drama, History, Thriller",111882,12/22/2006,Robert De Niro,,
74,tt0325710,5/19/2023,5/19/2023,,The Last Samurai,The Last Samurai,https://www.imdb.com/title/tt0325710/,Movie,7.8,154,2003,"Action, Drama",500360,12/5/2003,Edward Zwick,,
75,tt9603208,5/19/2023,5/19/2023,,Mission: Impossible - The Final Reckoning,Mission: Impossible - The Final Reckoning,https://www.imdb.com/title/tt9603208/,Movie,7.2,169,2025,"Action, Adventure, Thriller",211246,5/23/2025,Christopher McQuarrie,,
76,tt8373206,5/19/2023,5/19/2023,,About My Father,About My Father,https://www.imdb.com/title/tt8373206/,Movie,5.8,90,2023,Comedy,18533,5/26/2023,Laura Terruso,,
77,tt2039393,5/20/2023,5/20/2023,,The Gambler,The Gambler,https://www.imdb.com/title/tt2039393/,Movie,6,111,2014,"Crime, Drama, Thriller",77258,12/25/2014,Rupert Wyatt,,
78,tt5537002,5/20/2023,5/20/2023,,Killers of the Flower Moon,Killers of the Flower Moon,https://www.imdb.com/title/tt5537002/,Movie,7.5,206,2023,"Crime, Drama, History, Western",300528,10/20/2023,Martin Scorsese,,
79,tt0086200,5/20/2023,5/20/2023,,Risky Business,Risky Business,https://www.imdb.com/title/tt0086200/,Movie,6.8,99,1983,"Comedy, Crime, Drama, Romance",107220,8/5/1983,Paul Brickman,,
80,tt0085154,5/20/2023,5/20/2023,,All the Right Moves,All the Right Moves,https://www.imdb.com/title/tt0085154/,Movie,6,91,1983,"Drama, Romance, Sport",21899,10/21/1983,Michael Chapman,,
81,tt3393786,5/20/2023,5/20/2023,,Jack Reacher: Never Go Back,Jack Reacher: Never Go Back,https://www.imdb.com/title/tt3393786/,Movie,6.2,118,2016,"Action, Thriller",191188,10/21/2016,Edward Zwick,,
82,tt0096969,5/20/2023,5/20/2023,,Born on the Fourth of July,Born on the Fourth of July,https://www.imdb.com/title/tt0096969/,Movie,7.2,145,1989,"Biography, Drama, War",123556,1/5/1990,Oliver Stone,,
83,tt1483013,5/20/2023,5/20/2023,,Oblivion,Oblivion,https://www.imdb.com/title/tt1483013/,Movie,7,124,2013,"Action, Adventure, Sci-Fi",582130,4/19/2013,Joseph Kosinski,,
84,tt0407304,5/20/2023,5/20/2023,,War of the Worlds,War of the Worlds,https://www.imdb.com/title/tt0407304/,Movie,6.6,117,2005,"Action, Adventure, Sci-Fi",502843,6/29/2005,Steven Spielberg,,
85,tt0259711,5/20/2023,5/20/2023,,Vanilla Sky,Vanilla Sky,https://www.imdb.com/title/tt0259711/,Movie,6.9,136,2001,"Fantasy, Mystery, Romance, Sci-Fi, Thriller",305679,12/14/2001,Cameron Crowe,,
86,tt0217505,5/21/2023,5/21/2023,,Gangs of New York,Gangs of New York,https://www.imdb.com/title/tt0217505/,Movie,7.5,167,2002,"Crime, Drama",500492,12/20/2002,Martin Scorsese,,
87,tt0266915,5/21/2023,5/21/2023,,Rush Hour 2,Rush Hour 2,https://www.imdb.com/title/tt0266915/,Movie,6.7,90,2001,"Action, Comedy, Crime, Thriller",257560,8/3/2001,Brett Ratner,,
88,tt0293564,5/21/2023,5/21/2023,,Rush Hour 3,Rush Hour 3,https://www.imdb.com/title/tt0293564/,Movie,6.3,91,2007,"Action, Comedy, Crime, Thriller",197269,8/10/2007,Brett Ratner,,
89,tt0119654,5/21/2023,5/21/2023,,Men in Black,Men in Black,https://www.imdb.com/title/tt0119654/,Movie,7.3,98,1997,"Action, Adventure, Comedy, Sci-Fi",657116,7/2/1997,Barry Sonnenfeld,,
90,tt0120912,5/21/2023,5/21/2023,,Men in Black II,Men in Black II,https://www.imdb.com/title/tt0120912/,Movie,6.2,88,2002,"Action, Adventure, Comedy, Mystery, Sci-Fi",427914,7/3/2002,Barry Sonnenfeld,,
91,tt1409024,5/21/2023,5/21/2023,,Men in Black³,Men in Black³,https://www.imdb.com/title/tt1409024/,Movie,6.8,106,2012,"Action, Adventure, Comedy, Sci-Fi",408621,5/25/2012,Barry Sonnenfeld,,
92,tt2361509,5/22/2023,5/22/2023,,The Intern,The Intern,https://www.imdb.com/title/tt2361509/,Movie,7.1,121,2015,"Comedy, Drama",305167,9/25/2015,Nancy Meyers,,
93,tt0825232,5/23/2023,5/23/2023,,The Bucket List,The Bucket List,https://www.imdb.com/title/tt0825232/,Movie,7.3,97,2007,"Adventure, Comedy, Drama",270127,1/11/2008,Rob Reiner,,
94,tt1057500,5/23/2023,5/23/2023,,Invictus,Invictus,https://www.imdb.com/title/tt1057500/,Movie,7.3,134,2009,"Biography, Drama, History, Sport",173354,12/11/2009,Clint Eastwood,,
95,tt0122690,5/23/2023,5/23/2023,,Ronin,Ronin,https://www.imdb.com/title/tt0122690/,Movie,7.2,122,1998,"Action, Crime, Thriller",206257,9/25/1998,John Frankenheimer,,
96,tt0175880,5/23/2023,5/23/2023,,Magnolia,Magnolia,https://www.imdb.com/title/tt0175880/,Movie,8,188,1999,Drama,347249,1/7/2000,Paul Thomas Anderson,,
97,tt1663202,5/23/2023,5/23/2023,,The Revenant,The Revenant,https://www.imdb.com/title/tt1663202/,Movie,8,156,2015,"Adventure, Drama, Western",937563,1/8/2016,Alejandro G. Iñárritu,,
98,tt1800241,5/23/2023,5/23/2023,,American Hustle,American Hustle,https://www.imdb.com/title/tt1800241/,Movie,7.2,138,2013,"Crime, Drama",516175,12/20/2013,David O. Russell,,
99,tt0482571,5/24/2023,5/24/2023,,The Prestige,The Prestige,https://www.imdb.com/title/tt0482571/,Movie,8.5,130,2006,"Drama, Mystery, Sci-Fi, Thriller",1567292,10/20/2006,Christopher Nolan,,
100,tt0765429,5/24/2023,5/24/2023,,American Gangster,American Gangster,https://www.imdb.com/title/tt0765429/,Movie,7.8,157,2007,"Biography, Crime, Drama",481431,11/2/2007,Ridley Scott,,
101,tt3659388,5/25/2023,5/25/2023,,The Martian,The Martian,https://www.imdb.com/title/tt3659388/,Movie,8,144,2015,"Adventure, Drama, Sci-Fi",995086,10/2/2015,Ridley Scott,,
102,tt0119978,5/25/2023,5/25/2023,,The Rainmaker,The Rainmaker,https://www.imdb.com/title/tt0119978/,Movie,7.2,135,1997,"Crime, Drama, Thriller",89886,11/21/1997,Francis Ford Coppola,,
103,tt1068680,5/27/2023,5/27/2023,,Yes Man,Yes Man,https://www.imdb.com/title/tt1068680/,Movie,6.8,104,2008,"Comedy, Romance",402240,12/19/2008,Peyton Reed,,
104,tt0104427,5/29/2023,5/29/2023,,Hoffa,Hoffa,https://www.imdb.com/title/tt0104427/,Movie,6.6,140,1992,"Biography, Crime, Drama",25987,12/25/1992,Danny DeVito,,
105,tt0105327,5/29/2023,5/29/2023,,School Ties,School Ties,https://www.imdb.com/title/tt0105327/,Movie,6.9,106,1992,Drama,29108,9/18/1992,Robert Mandel,,
106,tt4244994,5/29/2023,5/29/2023,,The Last Duel,The Last Duel,https://www.imdb.com/title/tt4244994/,Movie,7.3,152,2021,"Drama, History, Thriller",203268,10/15/2021,Ridley Scott,,
107,tt0118842,5/29/2023,5/29/2023,,Chasing Amy,Chasing Amy,https://www.imdb.com/title/tt0118842/,Movie,7.2,113,1997,"Comedy, Drama, Romance",147789,4/18/1997,Kevin Smith,,
108,tt0120655,5/29/2023,5/29/2023,,Dogma,Dogma,https://www.imdb.com/title/tt0120655/,Movie,7.3,130,1999,"Adventure, Comedy, Drama, Fantasy",238862,11/12/1999,Kevin Smith,,
109,tt0413099,5/29/2023,5/29/2023,,Evan Almighty,Evan Almighty,https://www.imdb.com/title/tt0413099/,Movie,5.4,96,2007,"Comedy, Family, Fantasy",161727,6/22/2007,Tom Shadyac,,
110,tt0099077,5/30/2023,5/30/2023,,Awakenings,Awakenings,https://www.imdb.com/title/tt0099077/,Movie,7.8,121,1990,"Biography, Drama",174961,1/11/1991,Penny Marshall,,
111,tt0109040,5/30/2023,5/30/2023,,Ace Ventura: Pet Detective,Ace Ventura: Pet Detective,https://www.imdb.com/title/tt0109040/,Movie,6.9,86,1994,Comedy,349690,2/4/1994,Tom Shadyac,,
112,tt0183505,5/30/2023,5/30/2023,,"Me, Myself & Irene","Me, Myself & Irene",https://www.imdb.com/title/tt0183505/,Movie,6.6,116,2000,Comedy,263354,6/23/2000,"Bobby Farrelly, Peter Farrelly",,
113,tt0105323,5/30/2023,5/30/2023,,Scent of a Woman,Scent of a Woman,https://www.imdb.com/title/tt0105323/,Movie,8,156,1992,Drama,364824,1/8/1993,Martin Brest,,
114,tt0144084,5/30/2023,5/30/2023,,American Psycho,American Psycho,https://www.imdb.com/title/tt0144084/,Movie,7.6,102,2000,"Comedy, Crime, Drama, Horror",821327,4/14/2000,Mary Harron,,
115,tt0117665,5/30/2023,5/30/2023,,Sleepers,Sleepers,https://www.imdb.com/title/tt0117665/,Movie,7.5,147,1996,"Crime, Drama, Thriller",249877,10/18/1996,Barry Levinson,,
116,tt0425061,5/30/2023,5/30/2023,,Get Smart,Get Smart,https://www.imdb.com/title/tt0425061/,Movie,6.5,110,2008,"Action, Adventure, Comedy",236391,6/20/2008,Peter Segal,,
117,tt0822832,5/30/2023,5/30/2023,,Marley & Me,Marley & Me,https://www.imdb.com/title/tt0822832/,Movie,7,115,2008,"Drama, Family",174629,12/25/2008,David Frankel,,
118,tt0362227,5/30/2023,5/30/2023,,The Terminal,The Terminal,https://www.imdb.com/title/tt0362227/,Movie,7.4,128,2004,"Comedy, Drama, Romance",530052,6/18/2004,Steven Spielberg,,
119,tt1219289,5/30/2023,5/30/2023,,Limitless,Limitless,https://www.imdb.com/title/tt1219289/,Movie,7.4,105,2011,"Sci-Fi, Thriller",641427,3/18/2011,Neil Burger,,
120,tt1130080,6/2/2023,6/2/2023,,The Informant!,The Informant!,https://www.imdb.com/title/tt1130080/,Movie,6.5,108,2009,"Biography, Comedy, Crime, Drama",69608,9/18/2009,Steven Soderbergh,,
121,tt0092675,6/2/2023,6/2/2023,,Bloodsport,Bloodsport,https://www.imdb.com/title/tt0092675/,Movie,6.8,92,1988,"Action, Biography, Drama, Sport",101942,4/29/1988,Newt Arnold,,
122,tt0055928,6/12/2023,6/12/2023,,Dr. No,Dr. No,https://www.imdb.com/title/tt0055928/,Movie,7.2,110,1962,"Action, Adventure, Thriller",191641,10/10/1962,Terence Young,,
123,tt0057076,6/12/2023,6/12/2023,,From Russia with Love,From Russia with Love,https://www.imdb.com/title/tt0057076/,Movie,7.3,115,1963,"Action, Adventure, Thriller",155570,5/27/1964,Terence Young,,
124,tt0058150,6/12/2023,6/12/2023,,Goldfinger,Goldfinger,https://www.imdb.com/title/tt0058150/,Movie,7.7,110,1964,"Action, Adventure, Thriller",214324,1/9/1965,Guy Hamilton,,
125,tt0059800,6/12/2023,6/12/2023,,Thunderball,Thunderball,https://www.imdb.com/title/tt0059800/,Movie,6.9,130,1965,"Action, Adventure, Thriller",135191,12/22/1965,Terence Young,,
126,tt0062512,6/12/2023,6/12/2023,,You Only Live Twice,You Only Live Twice,https://www.imdb.com/title/tt0062512/,Movie,6.8,117,1967,"Action, Adventure, Thriller",125081,6/13/1967,Lewis Gilbert,,
127,tt0064757,6/12/2023,6/12/2023,,On Her Majesty's Secret Service,On Her Majesty's Secret Service,https://www.imdb.com/title/tt0064757/,Movie,6.7,142,1969,"Action, Adventure, Thriller",106545,12/19/1969,Peter R. Hunt,,
128,tt0066995,6/12/2023,6/12/2023,,Diamonds Are Forever,Diamonds Are Forever,https://www.imdb.com/title/tt0066995/,Movie,6.5,120,1971,"Action, Adventure, Thriller",121141,12/17/1971,Guy Hamilton,,
129,tt0070328,6/12/2023,6/12/2023,,Live and Let Die,Live and Let Die,https://www.imdb.com/title/tt0070328/,Movie,6.7,121,1973,"Action, Adventure, Thriller",122656,6/27/1973,Guy Hamilton,,
130,tt3296908,6/12/2023,6/12/2023,,The Man with the Iron Heart,HHhH,https://www.imdb.com/title/tt3296908/,Movie,6.4,120,2017,"Action, Biography, Thriller, War",19677,6/7/2017,Cédric Jimenez,,
131,tt0076752,6/12/2023,6/12/2023,,The Spy Who Loved Me,The Spy Who Loved Me,https://www.imdb.com/title/tt0076752/,Movie,7,125,1977,"Action, Adventure, Thriller",123296,8/3/1977,Lewis Gilbert,,
132,tt0079574,6/12/2023,6/12/2023,,Moonraker,Moonraker,https://www.imdb.com/title/tt0079574/,Movie,6.3,126,1979,"Action, Adventure, Sci-Fi, Thriller",115717,6/29/1979,Lewis Gilbert,,
133,tt0082398,6/12/2023,6/12/2023,,For Your Eyes Only,For Your Eyes Only,https://www.imdb.com/title/tt0082398/,Movie,6.7,127,1981,"Action, Adventure, Thriller",114653,6/26/1981,John Glen,,
134,tt0086034,6/12/2023,6/12/2023,,Octopussy,Octopussy,https://www.imdb.com/title/tt0086034/,Movie,6.5,131,1983,"Action, Adventure, Thriller",119364,6/10/1983,John Glen,,
135,tt0090264,6/12/2023,6/12/2023,,A View to a Kill,A View to a Kill,https://www.imdb.com/title/tt0090264/,Movie,6.3,131,1985,"Action, Adventure, Thriller",111106,5/24/1985,John Glen,,
136,tt0093428,6/12/2023,6/12/2023,,The Living Daylights,The Living Daylights,https://www.imdb.com/title/tt0093428/,Movie,6.7,130,1987,"Action, Adventure, Thriller",112781,7/31/1987,John Glen,,
137,tt0097742,6/12/2023,6/12/2023,,Licence to Kill,Licence to Kill,https://www.imdb.com/title/tt0097742/,Movie,6.7,133,1989,"Action, Adventure, Thriller",118689,7/14/1989,John Glen,,
138,tt0113189,6/12/2023,6/12/2023,,GoldenEye,GoldenEye,https://www.imdb.com/title/tt0113189/,Movie,7.2,130,1995,"Action, Adventure, Thriller",283149,11/17/1995,Martin Campbell,,
139,tt0120347,6/12/2023,6/12/2023,,Tomorrow Never Dies,Tomorrow Never Dies,https://www.imdb.com/title/tt0120347/,Movie,6.5,119,1997,"Action, Adventure, Thriller",213811,12/19/1997,Roger Spottiswoode,,
140,tt0143145,6/12/2023,6/12/2023,,The World Is Not Enough,The World Is Not Enough,https://www.imdb.com/title/tt0143145/,Movie,6.4,128,1999,"Action, Adventure, Thriller",218546,11/19/1999,Michael Apted,,
141,tt0246460,6/12/2023,6/12/2023,,Die Another Day,Die Another Day,https://www.imdb.com/title/tt0246460/,Movie,6.1,133,2002,"Action, Adventure, Thriller",238607,11/22/2002,Lee Tamahori,,
142,tt0830515,6/12/2023,6/12/2023,,Quantum of Solace,Quantum of Solace,https://www.imdb.com/title/tt0830515/,Movie,6.5,106,2008,"Action, Adventure, Mystery, Thriller",492359,11/14/2008,Marc Forster,,
143,tt2379713,6/12/2023,6/12/2023,,Spectre,Spectre,https://www.imdb.com/title/tt2379713/,Movie,6.8,148,2015,"Action, Adventure, Thriller",491078,11/6/2015,Sam Mendes,,
144,tt6146586,6/12/2023,6/12/2023,,John Wick: Chapter 3 - Parabellum,John Wick: Chapter 3 - Parabellum,https://www.imdb.com/title/tt6146586/,Movie,7.4,130,2019,"Action, Crime, Drama, Thriller",473436,5/17/2019,Chad Stahelski,,
145,tt10366206,6/12/2023,6/12/2023,,John Wick: Chapter 4,John Wick: Chapter 4,https://www.imdb.com/title/tt10366206/,Movie,7.6,169,2023,"Action, Crime, Thriller",403377,3/24/2023,Chad Stahelski,,
146,tt0328107,6/12/2023,6/12/2023,,Man on Fire,Man on Fire,https://www.imdb.com/title/tt0328107/,Movie,7.7,146,2004,"Action, Crime, Drama, Thriller",414841,4/23/2004,Tony Scott,,
147,tt0368891,6/13/2023,6/13/2023,,National Treasure,National Treasure,https://www.imdb.com/title/tt0368891/,Movie,6.9,131,2004,"Action, Adventure, Mystery, Thriller",373970,11/19/2004,Jon Turteltaub,,
148,tt0290002,6/16/2023,6/16/2023,,Meet the Fockers,Meet the Fockers,https://www.imdb.com/title/tt0290002/,Movie,6.4,115,2004,"Comedy, Romance",300374,12/22/2004,Jay Roach,,
149,tt8367814,6/18/2023,6/18/2023,,The Gentlemen,The Gentlemen,https://www.imdb.com/title/tt8367814/,Movie,7.8,113,2019,"Action, Comedy, Crime",450649,1/24/2020,Guy Ritchie,,
150,tt0116367,6/20/2023,6/20/2023,,From Dusk Till Dawn,From Dusk Till Dawn,https://www.imdb.com/title/tt0116367/,Movie,7.2,108,1996,"Action, Crime, Horror",366097,1/19/1996,Robert Rodriguez,,
151,tt0073486,6/21/2023,6/21/2023,,One Flew Over the Cuckoo's Nest,One Flew Over the Cuckoo's Nest,https://www.imdb.com/title/tt0073486/,Movie,8.6,133,1975,Drama,1147658,11/21/1975,Milos Forman,,
152,tt1028528,6/23/2023,6/23/2023,,Death Proof,Death Proof,https://www.imdb.com/title/tt1028528/,Movie,7,127,2007,"Drama, Thriller",331373,5/31/2007,Quentin Tarantino,,
153,tt0119396,6/23/2023,6/23/2023,,Jackie Brown,Jackie Brown,https://www.imdb.com/title/tt0119396/,Movie,7.5,154,1997,"Crime, Drama, Thriller",399723,12/25/1997,Quentin Tarantino,,
154,tt0117918,6/23/2023,6/23/2023,,Tin Cup,Tin Cup,https://www.imdb.com/title/tt0117918/,Movie,6.4,135,1996,"Comedy, Drama, Romance, Sport",55735,8/16/1996,Ron Shelton,,
155,tt0790724,6/26/2023,6/26/2023,,Jack Reacher,Jack Reacher,https://www.imdb.com/title/tt0790724/,Movie,7,130,2012,"Action, Thriller",388144,12/21/2012,Christopher McQuarrie,,
156,tt0108002,6/26/2023,6/26/2023,,Rudy,Rudy,https://www.imdb.com/title/tt0108002/,Movie,7.5,114,1993,"Biography, Drama, Sport",73617,10/22/1993,David Anspaugh,,
157,tt0393162,6/26/2023,6/26/2023,,Coach Carter,Coach Carter,https://www.imdb.com/title/tt0393162/,Movie,7.4,136,2005,"Biography, Drama, Sport",189684,1/14/2005,Thomas Carter,,
158,tt0268978,6/27/2023,6/27/2023,,A Beautiful Mind,A Beautiful Mind,https://www.imdb.com/title/tt0268978/,Movie,8.2,135,2001,"Biography, Drama, Mystery",1045235,1/4/2002,Ron Howard,,
159,tt3263904,6/27/2023,6/27/2023,,Sully,Sully,https://www.imdb.com/title/tt3263904/,Movie,7.4,96,2016,"Biography, Drama",319364,9/9/2016,Clint Eastwood,,
160,tt1398426,6/27/2023,6/27/2023,,Straight Outta Compton,Straight Outta Compton,https://www.imdb.com/title/tt1398426/,Movie,7.8,147,2015,"Biography, Drama, History, Music, Musical",232224,8/14/2015,F. Gary Gray,,
161,tt2140373,6/27/2023,6/27/2023,,Saving Mr. Banks,Saving Mr. Banks,https://www.imdb.com/title/tt2140373/,Movie,7.5,125,2013,"Biography, Comedy, Drama",174899,12/20/2013,John Lee Hancock,,
162,tt0112384,6/28/2023,6/28/2023,,Apollo 13,Apollo 13,https://www.imdb.com/title/tt0112384/,Movie,7.7,140,1995,"Adventure, Drama, History",333474,6/30/1995,Ron Howard,,
163,tt0162222,6/28/2023,6/28/2023,,Cast Away,Cast Away,https://www.imdb.com/title/tt0162222/,Movie,7.8,143,2000,"Adventure, Drama, Romance",682435,12/22/2000,Robert Zemeckis,,
164,tt0098627,6/29/2023,6/29/2023,,Weekend at Bernie's,Weekend at Bernie's,https://www.imdb.com/title/tt0098627/,Movie,6.4,97,1989,"Adventure, Comedy, Crime",67522,7/5/1989,Ted Kotcheff,,
165,tt0033467,6/29/2023,6/29/2023,,Citizen Kane,Citizen Kane,https://www.imdb.com/title/tt0033467/,Movie,8.2,119,1941,"Drama, Mystery",490627,9/5/1941,Orson Welles,,
166,tt1856101,6/29/2023,6/29/2023,,Blade Runner 2049,Blade Runner 2049,https://www.imdb.com/title/tt1856101/,Movie,8,164,2017,"Action, Drama, Mystery, Sci-Fi, Thriller",742163,10/6/2017,Denis Villeneuve,,
167,tt0062622,6/29/2023,6/29/2023,,2001: A Space Odyssey,2001: A Space Odyssey,https://www.imdb.com/title/tt0062622/,Movie,8.3,149,1968,"Adventure, Sci-Fi",774510,5/12/1968,Stanley Kubrick,,
168,tt0469494,6/29/2023,6/29/2023,,There Will Be Blood,There Will Be Blood,https://www.imdb.com/title/tt0469494/,Movie,8.2,158,2007,Drama,698775,1/25/2008,Paul Thomas Anderson,,
169,tt0082971,6/29/2023,6/29/2023,,Raiders of the Lost Ark,Raiders of the Lost Ark,https://www.imdb.com/title/tt0082971/,Movie,8.4,115,1981,"Action, Adventure",1101596,6/12/1981,Steven Spielberg,,
170,tt0060196,6/29/2023,6/29/2023,,"The Good, the Bad and the Ugly","Il buono, il brutto, il cattivo",https://www.imdb.com/title/tt0060196/,Movie,8.8,178,1966,"Adventure, Drama, Western",882443,12/29/1967,Sergio Leone,,
171,tt2096672,6/29/2023,6/29/2023,,Dumb and Dumber To,Dumb and Dumber To,https://www.imdb.com/title/tt2096672/,Movie,5.6,109,2014,Comedy,152473,11/14/2014,"Bobby Farrelly, Peter Farrelly",,
172,tt0077416,7/3/2023,7/3/2023,,The Deer Hunter,The Deer Hunter,https://www.imdb.com/title/tt0077416/,Movie,8.1,183,1978,"Drama, War",383832,2/23/1979,Michael Cimino,,
173,tt0064116,7/4/2023,7/4/2023,,Once Upon a Time in the West,C'era una volta il West,https://www.imdb.com/title/tt0064116/,Movie,8.5,166,1968,"Drama, Western",381110,7/4/1969,Sergio Leone,,
174,tt0057115,7/4/2023,7/4/2023,,The Great Escape,The Great Escape,https://www.imdb.com/title/tt0057115/,Movie,8.2,172,1963,"Adventure, Drama, Thriller, War",275257,7/4/1963,John Sturges,,
175,tt0278504,7/4/2023,7/4/2023,,Insomnia,Insomnia,https://www.imdb.com/title/tt0278504/,Movie,7.2,118,2002,"Drama, Mystery, Thriller",338697,5/24/2002,Christopher Nolan,,
176,tt0070666,7/4/2023,7/4/2023,,Serpico,Serpico,https://www.imdb.com/title/tt0070666/,Movie,7.7,130,1973,"Biography, Crime, Drama, Thriller",145036,12/5/1973,Sidney Lumet,,
177,tt0118971,7/4/2023,7/4/2023,,The Devil's Advocate,The Devil's Advocate,https://www.imdb.com/title/tt0118971/,Movie,7.5,144,1997,"Drama, Fantasy, Mystery, Thriller",438561,10/17/1997,Taylor Hackford,,
178,tt0452623,7/4/2023,7/4/2023,,Gone Baby Gone,Gone Baby Gone,https://www.imdb.com/title/tt0452623/,Movie,7.6,114,2007,"Crime, Drama, Mystery, Thriller",307852,10/19/2007,Ben Affleck,,
179,tt0405159,7/4/2023,7/4/2023,,Million Dollar Baby,Million Dollar Baby,https://www.imdb.com/title/tt0405159/,Movie,8.1,132,2004,"Drama, Sport",760423,1/28/2005,Clint Eastwood,,
180,tt0105695,7/4/2023,7/4/2023,,Unforgiven,Unforgiven,https://www.imdb.com/title/tt0105695/,Movie,8.2,130,1992,"Drama, Western",464718,8/7/1992,Clint Eastwood,,
181,tt0097441,7/4/2023,7/4/2023,,Glory,Glory,https://www.imdb.com/title/tt0097441/,Movie,7.8,122,1989,"Biography, Drama, History, War",152385,2/16/1990,Edward Zwick,,
182,tt0381707,7/6/2023,7/6/2023,,White Chicks,White Chicks,https://www.imdb.com/title/tt0381707/,Movie,5.9,109,2004,"Comedy, Crime",189031,6/23/2004,Keenen Ivory Wayans,,
183,tt0452594,7/6/2023,7/6/2023,,The Break-Up,The Break-Up,https://www.imdb.com/title/tt0452594/,Movie,5.8,106,2006,"Comedy, Drama, Romance",144616,6/2/2006,Peyton Reed,,
184,tt0187393,7/6/2023,7/6/2023,,The Patriot,The Patriot,https://www.imdb.com/title/tt0187393/,Movie,7.2,165,2000,"Action, Drama, War",310330,6/28/2000,Roland Emmerich,,
185,tt0335438,7/7/2023,7/7/2023,,Starsky & Hutch,Starsky & Hutch,https://www.imdb.com/title/tt0335438/,Movie,6.1,101,2004,"Comedy, Crime",160951,3/5/2004,Todd Phillips,,
186,tt0115734,7/7/2023,7/7/2023,,Bottle Rocket,Bottle Rocket,https://www.imdb.com/title/tt0115734/,Movie,6.9,91,1996,"Comedy, Crime, Drama",87807,2/21/1996,Wes Anderson,,
187,tt0124718,7/8/2023,7/8/2023,,He Got Game,He Got Game,https://www.imdb.com/title/tt0124718/,Movie,6.9,136,1998,"Drama, Sport",54431,5/1/1998,Spike Lee,,
188,tt8784956,7/8/2023,7/8/2023,,Ava,Ava,https://www.imdb.com/title/tt8784956/,Movie,5.5,96,2020,"Action, Crime, Drama, Thriller",67560,9/25/2020,Tate Taylor,,
189,tt0071807,7/9/2023,7/9/2023,,The Man with the Golden Gun,The Man with the Golden Gun,https://www.imdb.com/title/tt0071807/,Movie,6.7,125,1974,"Action, Adventure, Thriller",119848,12/20/1974,Guy Hamilton,,
190,tt0086006,7/9/2023,7/9/2023,,Never Say Never Again,Never Say Never Again,https://www.imdb.com/title/tt0086006/,Movie,6.1,134,1983,"Action, Adventure, Thriller",76844,10/7/1983,Irvin Kershner,,
191,tt0093692,7/10/2023,7/10/2023,,Over the Top,Over the Top,https://www.imdb.com/title/tt0093692/,Movie,5.8,93,1987,"Action, Drama, Sport",64528,2/13/1987,Menahem Golan,,
192,tt0049406,7/10/2023,7/10/2023,,The Killing,The Killing,https://www.imdb.com/title/tt0049406/,Movie,7.9,84,1956,"Crime, Drama, Film-Noir, Thriller",104788,6/6/1956,Stanley Kubrick,,
193,tt2692904,7/10/2023,7/10/2023,,Locke,Locke,https://www.imdb.com/title/tt2692904/,Movie,7.1,85,2013,Drama,167421,4/18/2014,Steven Knight,,
194,tt0053125,7/10/2023,7/10/2023,,North by Northwest,North by Northwest,https://www.imdb.com/title/tt0053125/,Movie,8.3,136,1959,"Adventure, Drama, Mystery, Thriller",367389,12/18/1959,Alfred Hitchcock,,
195,tt0080678,7/10/2023,7/10/2023,,The Elephant Man,The Elephant Man,https://www.imdb.com/title/tt0080678/,Movie,8.2,124,1980,"Biography, Drama",279738,10/10/1980,David Lynch,,
196,tt11138512,7/10/2023,7/10/2023,,The Northman,The Northman,https://www.imdb.com/title/tt11138512/,Movie,7,137,2022,"Action, Adventure, Drama, Fantasy, History, Thriller",294676,4/22/2022,Robert Eggers,,
197,tt2872718,7/10/2023,7/10/2023,,Nightcrawler,Nightcrawler,https://www.imdb.com/title/tt2872718/,Movie,7.8,117,2014,"Crime, Drama, Thriller",658866,10/31/2014,Dan Gilroy,,
198,tt1172049,7/10/2023,7/10/2023,,Demolition,Demolition,https://www.imdb.com/title/tt1172049/,Movie,7,101,2015,"Comedy, Drama",130768,4/8/2016,Jean-Marc Vallée,,
199,tt7740496,7/10/2023,7/10/2023,,Nightmare Alley,Nightmare Alley,https://www.imdb.com/title/tt7740496/,Movie,7,150,2021,"Crime, Drama, Thriller",180815,12/17/2021,Guillermo del Toro,,
200,tt0480025,7/10/2023,7/10/2023,,This Is England,This Is England,https://www.imdb.com/title/tt0480025/,Movie,7.7,101,2006,"Crime, Drama",134219,4/27/2007,Shane Meadows,,
201,tt0780504,7/10/2023,7/10/2023,,Drive,Drive,https://www.imdb.com/title/tt0780504/,Movie,7.8,100,2011,"Action, Drama",754280,9/16/2011,Nicolas Winding Refn,,
202,tt6751668,7/10/2023,7/10/2023,,Parasite,Gisaengchung,https://www.imdb.com/title/tt6751668/,Movie,8.5,132,2019,"Drama, Thriller",1136411,11/8/2019,Bong Joon Ho,,
203,tt2543164,7/10/2023,7/10/2023,,Arrival,Arrival,https://www.imdb.com/title/tt2543164/,Movie,7.9,116,2016,"Drama, Mystery, Sci-Fi",849602,11/11/2016,Denis Villeneuve,,
204,tt0072684,7/10/2023,7/10/2023,,Barry Lyndon,Barry Lyndon,https://www.imdb.com/title/tt0072684/,Movie,8.1,185,1975,"Adventure, Drama, War",201455,12/18/1975,Stanley Kubrick,,
205,tt0338013,7/10/2023,7/10/2023,,Eternal Sunshine of the Spotless Mind,Eternal Sunshine of the Spotless Mind,https://www.imdb.com/title/tt0338013/,Movie,8.3,108,2004,"Drama, Romance, Sci-Fi",1169199,3/19/2004,Michel Gondry,,
206,tt0361862,7/10/2023,7/10/2023,,The Machinist,The Machinist,https://www.imdb.com/title/tt0361862/,Movie,7.6,101,2004,"Drama, Thriller",438203,12/3/2004,Brad Anderson,,
207,tt0085794,7/10/2023,7/10/2023,,The King of Comedy,The King of Comedy,https://www.imdb.com/title/tt0085794/,Movie,7.8,109,1982,"Comedy, Crime, Drama, Thriller",130578,12/18/1982,Martin Scorsese,,
208,tt0071360,7/10/2023,7/10/2023,,The Conversation,The Conversation,https://www.imdb.com/title/tt0071360/,Movie,7.7,113,1974,"Drama, Mystery, Thriller",135194,4/12/1974,Francis Ford Coppola,,
209,tt0071853,7/10/2023,7/10/2023,,Monty Python and the Holy Grail,Monty Python and the Holy Grail,https://www.imdb.com/title/tt0071853/,Movie,8.2,91,1975,"Adventure, Comedy, Fantasy",599321,7/18/1975,"Terry Gilliam, Terry Jones",,
210,tt0079470,7/10/2023,7/10/2023,,Monty Python's Life of Brian,Monty Python's Life of Brian,https://www.imdb.com/title/tt0079470/,Movie,8,94,1979,Comedy,433211,8/17/1979,Terry Jones,,
211,tt0119174,7/10/2023,7/10/2023,,The Game,The Game,https://www.imdb.com/title/tt0119174/,Movie,7.7,129,1997,"Drama, Mystery, Thriller",465177,9/12/1997,David Fincher,,
212,tt2267998,7/10/2023,7/10/2023,,Gone Girl,Gone Girl,https://www.imdb.com/title/tt2267998/,Movie,8.1,149,2014,"Drama, Mystery, Thriller",1154855,10/3/2014,David Fincher,,
213,tt0166924,7/10/2023,7/10/2023,,Mulholland Drive,Mulholland Dr.,https://www.imdb.com/title/tt0166924/,Movie,7.9,147,2001,"Drama, Mystery, Thriller",422125,10/19/2001,David Lynch,,
214,tt0052357,7/10/2023,7/10/2023,,Vertigo,Vertigo,https://www.imdb.com/title/tt0052357/,Movie,8.2,128,1958,"Mystery, Romance, Thriller",455807,5/28/1958,Alfred Hitchcock,,
215,tt1907668,7/11/2023,7/11/2023,,Flight,Flight,https://www.imdb.com/title/tt1907668/,Movie,7.3,138,2012,"Drama, Thriller",394509,11/2/2012,Robert Zemeckis,,
216,tt2034800,7/14/2023,7/14/2023,,The Great Wall,The Great Wall,https://www.imdb.com/title/tt2034800/,Movie,5.9,103,2016,"Action, Adventure, Fantasy, Thriller",158065,2/17/2017,Yimou Zhang,,
217,tt6723592,7/26/2023,7/26/2023,,Tenet,Tenet,https://www.imdb.com/title/tt6723592/,Movie,7.3,150,2020,"Action, Sci-Fi, Thriller",674362,9/3/2020,Christopher Nolan,,
218,tt10640346,8/3/2023,8/3/2023,,Babylon,Babylon,https://www.imdb.com/title/tt10640346/,Movie,7.1,189,2022,"Comedy, Drama",202793,12/23/2022,Damien Chazelle,,
219,tt0104558,8/7/2023,8/7/2023,,Supercop,Ging chaat goo si III: Chiu kup ging chaat,https://www.imdb.com/title/tt0104558/,Movie,7,91,1992,"Action, Comedy, Crime, Thriller",26348,7/26/1996,Stanley Tong,,
220,tt1488606,8/25/2023,8/25/2023,,Triple Frontier,Triple Frontier,https://www.imdb.com/title/tt1488606/,Movie,6.5,125,2019,"Action, Adventure, Thriller",159296,3/13/2019,J.C. Chandor,,
221,tt1355683,8/26/2023,8/26/2023,,Black Mass,Black Mass,https://www.imdb.com/title/tt1355683/,Movie,6.8,123,2015,"Biography, Crime, Drama",201275,9/18/2015,Scott Cooper,,
222,tt0082085,10/23/2023,10/23/2023,,Blow Out,Blow Out,https://www.imdb.com/title/tt0082085/,Movie,7.4,108,1981,"Crime, Drama, Mystery, Thriller",74325,7/24/1981,Brian De Palma,,
223,tt0039628,12/18/2023,12/18/2023,,Miracle on 34th Street,Miracle on 34th Street,https://www.imdb.com/title/tt0039628/,Movie,7.9,96,1947,"Comedy, Drama, Family, Fantasy",60772,7/4/1947,George Seaton,,
224,tt1856080,12/19/2023,12/19/2023,,The Boys in the Boat,The Boys in the Boat,https://www.imdb.com/title/tt1856080/,Movie,7,123,2023,"Biography, Drama, History, Sport",29531,12/25/2023,George Clooney,,
225,tt0307987,12/22/2023,12/22/2023,,Bad Santa,Bad Santa,https://www.imdb.com/title/tt0307987/,Movie,7,92,2003,"Comedy, Crime, Drama",166854,11/26/2003,Terry Zwigoff,,
226,tt4034228,12/23/2023,12/23/2023,,Manchester by the Sea,Manchester by the Sea,https://www.imdb.com/title/tt4034228/,Movie,7.8,137,2016,Drama,350445,12/16/2016,Kenneth Lonergan,,
227,tt15314262,1/9/2024,1/9/2024,,The Beekeeper,The Beekeeper,https://www.imdb.com/title/tt15314262/,Movie,6.3,105,2024,"Action, Crime, Thriller",174887,1/12/2024,David Ayer,,
228,tt2345759,1/17/2024,1/17/2024,,The Mummy,The Mummy,https://www.imdb.com/title/tt2345759/,Movie,5.4,110,2017,"Action, Adventure, Fantasy, Horror, Thriller",220048,6/9/2017,Alex Kurtzman,,
229,tt0103241,1/24/2024,1/24/2024,,What About Bob?,What About Bob?,https://www.imdb.com/title/tt0103241/,Movie,7,99,1991,Comedy,78294,5/17/1991,Frank Oz,,
230,tt0139654,1/26/2024,1/26/2024,,Training Day,Training Day,https://www.imdb.com/title/tt0139654/,Movie,7.8,122,2001,"Crime, Drama, Thriller",510890,10/5/2001,Antoine Fuqua,,
231,tt1591479,2/3/2024,2/3/2024,,Act of Valor,Act of Valor,https://www.imdb.com/title/tt1591479/,Movie,6.4,110,2012,"Action, Adventure, Thriller, War",73715,2/24/2012,"Mike McCoy, Scott Waugh",,
232,tt0314353,2/3/2024,2/3/2024,,Tears of the Sun,Tears of the Sun,https://www.imdb.com/title/tt0314353/,Movie,6.6,121,2003,"Action, Drama, Thriller, War",136725,3/7/2003,Antoine Fuqua,,
233,tt0119173,2/3/2024,2/3/2024,,G.I. Jane,G.I. Jane,https://www.imdb.com/title/tt0119173/,Movie,6,125,1997,"Action, Drama, War",92269,8/22/1997,Ridley Scott,,
234,tt0096754,2/3/2024,2/3/2024,,The Abyss,The Abyss,https://www.imdb.com/title/tt0096754/,Movie,7.5,140,1989,"Adventure, Drama, Mystery, Sci-Fi, Thriller",207260,8/9/1989,James Cameron,,
235,tt0105690,2/3/2024,2/3/2024,,Under Siege,Under Siege,https://www.imdb.com/title/tt0105690/,Movie,6.5,103,1992,"Action, Thriller",101579,10/9/1992,Andrew Davis,,
236,tt0499097,2/3/2024,2/3/2024,,Without Remorse,Without Remorse,https://www.imdb.com/title/tt0499097/,Movie,5.8,109,2021,"Action, Drama, Thriller, War",70031,4/30/2021,Stefano Sollima,,
237,tt0100232,2/3/2024,2/3/2024,,Navy Seals,Navy Seals,https://www.imdb.com/title/tt0100232/,Movie,5.6,113,1990,"Action, Adventure, Thriller",19546,7/20/1990,Lewis Teague,,
238,tt1336608,2/3/2024,2/3/2024,,Rock of Ages,Rock of Ages,https://www.imdb.com/title/tt1336608/,Movie,5.9,123,2012,"Comedy, Drama, Musical, Romance",84200,6/15/2012,Adam Shankman,,
239,tt0891527,2/3/2024,2/3/2024,,Lions for Lambs,Lions for Lambs,https://www.imdb.com/title/tt0891527/,Movie,6.2,92,2007,"Crime, Drama, Mystery, Thriller, War",56310,11/9/2007,Robert Redford,,
240,tt3799694,2/10/2024,2/10/2024,,The Nice Guys,The Nice Guys,https://www.imdb.com/title/tt3799694/,Movie,7.4,116,2016,"Action, Comedy, Crime, Mystery, Thriller",407883,5/20/2016,Shane Black,,
241,tt0352248,2/10/2024,2/10/2024,,Cinderella Man,Cinderella Man,https://www.imdb.com/title/tt0352248/,Movie,8,144,2005,"Biography, Drama, Romance, Sport",207800,6/3/2005,Ron Howard,,
242,tt0120586,2/10/2024,2/10/2024,,American History X,American History X,https://www.imdb.com/title/tt0120586/,Movie,8.5,119,1998,"Crime, Drama",1261988,11/20/1998,Tony Kaye,,
243,tt0118715,2/10/2024,2/10/2024,,The Big Lebowski,The Big Lebowski,https://www.imdb.com/title/tt0118715/,Movie,8.1,117,1998,"Comedy, Crime",909778,3/6/1998,"Joel Coen, Ethan Coen",,
244,tt0086066,2/17/2024,2/17/2024,,The Outsiders,The Outsiders,https://www.imdb.com/title/tt0086066/,Movie,7,91,1983,"Crime, Drama",108139,3/25/1983,Francis Ford Coppola,,
245,tt7660850,2/23/2024,2/23/2024,,Succession,Succession,https://www.imdb.com/title/tt7660850/,TV Series,8.8,60,2018,"Comedy, Drama",344664,6/3/2018,,,
246,tt3715152,3/7/2024,3/7/2024,,Shooting Stars,Shooting Stars,https://www.imdb.com/title/tt3715152/,Movie,6.5,116,2023,"Drama, Sport",4138,6/2/2023,Chris Robinson,,
247,tt15239678,3/10/2024,3/10/2024,,Dune: Part Two,Dune: Part Two,https://www.imdb.com/title/tt15239678/,Movie,8.4,166,2024,"Action, Adventure, Drama, Sci-Fi",710712,3/1/2024,Denis Villeneuve,,
248,tt1677720,3/21/2024,3/21/2024,,Ready Player One,Ready Player One,https://www.imdb.com/title/tt1677720/,Movie,7.4,140,2018,"Action, Adventure, Sci-Fi",535199,3/29/2018,Steven Spielberg,,
249,tt14849194,3/21/2024,3/21/2024,,The Holdovers,The Holdovers,https://www.imdb.com/title/tt14849194/,Movie,7.9,133,2023,"Comedy, Drama",242076,11/10/2023,Alexander Payne,,
250,tt9214772,3/21/2024,3/21/2024,,Monkey Man,Monkey Man,https://www.imdb.com/title/tt9214772/,Movie,6.8,121,2024,"Action, Crime, Thriller",98523,4/5/2024,Dev Patel,,
251,tt2356777,3/21/2024,3/21/2024,,True Detective,True Detective,https://www.imdb.com/title/tt2356777/,TV Series,8.8,60,2014,"Crime, Drama, Mystery, Thriller",739764,1/12/2014,,,
252,tt4236770,3/21/2024,3/21/2024,,Yellowstone,Yellowstone,https://www.imdb.com/title/tt4236770/,TV Series,8.6,60,2018,"Drama, Western",300465,6/20/2018,,,
253,tt1632701,4/2/2024,4/2/2024,,Suits,Suits,https://www.imdb.com/title/tt1632701/,TV Series,8.4,45,2011,"Comedy, Drama",531896,6/23/2011,,,
254,tt2369135,5/17/2024,5/17/2024,,Need for Speed,Need for Speed,https://www.imdb.com/title/tt2369135/,Movie,6.4,132,2014,"Action, Crime, Drama, Thriller",185668,3/14/2014,Scott Waugh,,
255,tt1840309,6/5/2024,6/5/2024,,Divergent,Divergent,https://www.imdb.com/title/tt1840309/,Movie,6.6,139,2014,"Action, Adventure, Drama, Mystery, Sci-Fi",514579,3/21/2014,Neil Burger,,
256,tt1392170,6/5/2024,6/5/2024,,The Hunger Games,The Hunger Games,https://www.imdb.com/title/tt1392170/,Movie,7.2,142,2012,"Action, Adventure, Sci-Fi, Thriller",1070827,3/23/2012,Gary Ross,,
257,tt1951264,6/5/2024,6/5/2024,,The Hunger Games: Catching Fire,The Hunger Games: Catching Fire,https://www.imdb.com/title/tt1951264/,Movie,7.5,146,2013,"Action, Adventure, Sci-Fi, Thriller",766263,11/22/2013,Francis Lawrence,,
258,tt1951265,6/5/2024,6/5/2024,,The Hunger Games: Mockingjay - Part 1,The Hunger Games: Mockingjay - Part 1,https://www.imdb.com/title/tt1951265/,Movie,6.6,123,2014,"Action, Adventure, Sci-Fi, Thriller",540078,11/21/2014,Francis Lawrence,,
259,tt1951266,6/5/2024,6/5/2024,,The Hunger Games: Mockingjay - Part 2,The Hunger Games: Mockingjay - Part 2,https://www.imdb.com/title/tt1951266/,Movie,6.6,137,2015,"Action, Adventure, Sci-Fi, Thriller",408406,11/20/2015,Francis Lawrence,,
260,tt10545296,6/5/2024,6/5/2024,,The Hunger Games: The Ballad of Songbirds & Snakes,The Hunger Games: The Ballad of Songbirds & Snakes,https://www.imdb.com/title/tt10545296/,Movie,6.6,157,2023,"Action, Adventure, Drama, Sci-Fi, Thriller, War",176860,11/17/2023,Francis Lawrence,,
261,tt11280740,6/6/2024,6/6/2024,,Severance,Severance,https://www.imdb.com/title/tt11280740/,TV Series,8.7,50,2022,"Drama, Mystery, Sci-Fi, Thriller",371732,2/18/2022,,,
262,tt0118799,6/16/2024,6/16/2024,,Life Is Beautiful,La vita è bella,https://www.imdb.com/title/tt0118799/,Movie,8.6,116,1997,"Comedy, Drama, Romance, War",803757,12/20/1997,Roberto Benigni,,
263,tt0103064,6/16/2024,6/16/2024,,Terminator 2: Judgment Day,Terminator 2: Judgment Day,https://www.imdb.com/title/tt0103064/,Movie,8.6,137,1991,"Action, Adventure, Sci-Fi",1270916,7/3/1991,James Cameron,,
264,tt0840361,6/20/2024,6/20/2024,,The Town,The Town,https://www.imdb.com/title/tt0840361/,Movie,7.5,125,2010,"Crime, Drama, Thriller",442856,9/17/2010,Ben Affleck,,
265,tt0087277,6/26/2024,6/26/2024,,Footloose,Footloose,https://www.imdb.com/title/tt0087277/,Movie,6.6,107,1984,"Drama, Music, Romance",100818,2/17/1984,Herbert Ross,,
266,tt0110478,6/27/2024,6/27/2024,,Maverick,Maverick,https://www.imdb.com/title/tt0110478/,Movie,7,127,1994,"Action, Adventure, Comedy, Western",125333,5/20/1994,Richard Donner,,
267,tt0059037,6/27/2024,6/27/2024,,The Cincinnati Kid,The Cincinnati Kid,https://www.imdb.com/title/tt0059037/,Movie,7.2,102,1965,Drama,19409,10/30/1965,"Norman Jewison, Sam Peckinpah",,
268,tt0427998,6/27/2024,6/27/2024,,The Grand,The Grand,https://www.imdb.com/title/tt0427998/,Movie,5.9,104,2007,Comedy,6132,6/7/2007,Zak Penn,,
269,tt0323939,6/27/2024,6/27/2024,,Shade,Shade,https://www.imdb.com/title/tt0323939/,Movie,6.3,101,2003,"Crime, Thriller",13778,5/9/2004,Damian Nieman,,
270,tt0446676,6/27/2024,6/27/2024,,Deal,Deal,https://www.imdb.com/title/tt0446676/,Movie,5.3,86,2008,"Comedy, Drama",4750,6/12/2008,Gil Cates Jr.,,
271,tt0338216,6/27/2024,6/27/2024,,Lucky You,Lucky You,https://www.imdb.com/title/tt0338216/,Movie,5.9,124,2007,"Drama, Romance, Sport",21563,5/4/2007,Curtis Hanson,,
272,tt0374463,6/27/2024,6/27/2024,,The Pacific,The Pacific,https://www.imdb.com/title/tt0374463/,TV Mini Series,8.3,60,2010,"Action, Adventure, Drama, History, War",142192,3/14/2010,,,
273,tt3104988,7/2/2024,7/2/2024,,Crazy Rich Asians,Crazy Rich Asians,https://www.imdb.com/title/tt3104988/,Movie,6.9,120,2018,"Comedy, Drama, Romance",206698,8/15/2018,Jon M. Chu,,
274,tt8544498,7/4/2024,7/4/2024,,The Way Back,The Way Back,https://www.imdb.com/title/tt8544498/,Movie,6.7,108,2020,"Drama, Sport",56161,3/6/2020,Gavin O'Connor,,
275,tt1647668,7/4/2024,7/4/2024,,Million Dollar Arm,Million Dollar Arm,https://www.imdb.com/title/tt1647668/,Movie,7,124,2014,"Biography, Drama, Family, Sport",49192,5/16/2014,Craig Gillespie,,
276,tt0092005,7/4/2024,7/4/2024,,Stand by Me,Stand by Me,https://www.imdb.com/title/tt0092005/,Movie,8.1,89,1986,"Adventure, Comedy, Drama",480685,8/22/1986,Rob Reiner,,
277,tt0091042,7/4/2024,7/4/2024,,Ferris Bueller's Day Off,Ferris Bueller's Day Off,https://www.imdb.com/title/tt0091042/,Movie,7.8,103,1986,Comedy,411987,6/11/1986,John Hughes,,
278,tt0316465,7/23/2024,7/23/2024,,Radio,Radio,https://www.imdb.com/title/tt0316465/,Movie,6.9,109,2003,"Biography, Drama, Sport",46845,10/24/2003,Michael Tollin,,
279,tt0477347,8/19/2024,8/19/2024,,Night at the Museum,Night at the Museum,https://www.imdb.com/title/tt0477347/,Movie,6.5,108,2006,"Adventure, Comedy, Family, Fantasy",404430,12/22/2006,Shawn Levy,,
280,tt2788710,8/19/2024,8/19/2024,,The Interview,The Interview,https://www.imdb.com/title/tt2788710/,Movie,6.5,112,2014,"Action, Adventure, Comedy",374005,12/24/2014,"Evan Goldberg, Seth Rogen",,
281,tt10954652,8/25/2024,8/25/2024,,Old,Old,https://www.imdb.com/title/tt10954652/,Movie,5.8,108,2021,"Drama, Mystery, Thriller",181651,7/23/2021,M. Night Shyamalan,,
282,tt6966692,8/25/2024,8/25/2024,,Green Book,Green Book,https://www.imdb.com/title/tt6966692/,Movie,8.2,130,2018,"Biography, Comedy, Drama, Music",670555,11/16/2018,Peter Farrelly,,
283,tt0277434,11/23/2024,11/23/2024,,We Were Soldiers,We Were Soldiers,https://www.imdb.com/title/tt0277434/,Movie,7.2,138,2002,"Action, Drama, History, War",158549,3/1/2002,Randall Wallace,,
284,tt4364194,11/26/2024,11/26/2024,,The Peanut Butter Falcon,The Peanut Butter Falcon,https://www.imdb.com/title/tt4364194/,Movie,7.6,97,2019,"Adventure, Comedy, Drama",118133,8/23/2019,"Tyler Nilson, Michael Schwartz",,
285,tt0094291,1/1/2025,1/1/2025,,Wall Street,Wall Street,https://www.imdb.com/title/tt0094291/,Movie,7.3,126,1987,"Crime, Drama",173399,12/11/1987,Oliver Stone,,
286,tt1517451,2/10/2025,2/10/2025,,A Star Is Born,A Star Is Born,https://www.imdb.com/title/tt1517451/,Movie,7.6,136,2018,"Drama, Music, Romance",445068,10/5/2018,Bradley Cooper,,
287,tt0243655,2/10/2025,2/10/2025,,Wet Hot American Summer,Wet Hot American Summer,https://www.imdb.com/title/tt0243655/,Movie,6.5,97,2001,"Comedy, Romance",63397,7/27/2001,David Wain,,
288,tt6924650,3/2/2025,3/2/2025,,Midway,Midway,https://www.imdb.com/title/tt6924650/,Movie,6.7,138,2019,"Action, Drama, History, War",103974,11/8/2019,Roland Emmerich,,
289,tt0097351,3/3/2025,3/3/2025,,Field of Dreams,Field of Dreams,https://www.imdb.com/title/tt0097351/,Movie,7.5,107,1989,"Drama, Family, Fantasy, Sport",137561,5/5/1989,Phil Alden Robinson,,
290,tt1924435,3/22/2025,3/22/2025,,Let's Be Cops,Let's Be Cops,https://www.imdb.com/title/tt1924435/,Movie,6.4,104,2014,"Action, Comedy, Crime",143734,8/13/2014,Luke Greenfield,,
291,tt0273923,4/2/2025,4/2/2025,,Orange County,Orange County,https://www.imdb.com/title/tt0273923/,Movie,6.2,82,2002,"Comedy, Drama",53619,1/11/2002,Jake Kasdan,,
292,tt31434639,4/13/2025,4/13/2025,,Warfare,Warfare,https://www.imdb.com/title/tt31434639/,Movie,7.2,95,2025,"Action, Drama, War",102137,4/11/2025,"Alex Garland, Ray Mendoza",,
293,tt2140479,4/17/2025,4/17/2025,,The Accountant,The Accountant,https://www.imdb.com/title/tt2140479/,Movie,7.3,128,2016,"Action, Crime, Drama, Thriller",390308,10/14/2016,Gavin O'Connor,,
294,tt7068946,4/17/2025,4/17/2025,,The Accountant 2,The Accountant 2,https://www.imdb.com/title/tt7068946/,Movie,6.6,132,2025,"Action, Crime, Drama, Mystery, Thriller",122162,4/25/2025,Gavin O'Connor,,
295,tt6710474,4/17/2025,4/17/2025,,Everything Everywhere All at Once,Everything Everywhere All at Once,https://www.imdb.com/title/tt6710474/,Movie,7.7,139,2022,"Action, Adventure, Comedy, Drama, Fantasy, Sci-Fi",619227,4/8/2022,"Daniel Kwan, Daniel Scheinert",,
296,tt1291584,5/4/2025,5/4/2025,,Warrior,Warrior,https://www.imdb.com/title/tt1291584/,Movie,8.1,140,2011,"Action, Drama, Sport",524790,9/9/2011,Gavin O'Connor,,
297,tt1392190,5/4/2025,5/4/2025,,Mad Max: Fury Road,Mad Max: Fury Road,https://www.imdb.com/title/tt1392190/,Movie,8.1,120,2015,"Action, Adventure, Sci-Fi",1195435,5/15/2015,George Miller,,
298,tt2024544,5/4/2025,5/4/2025,,12 Years a Slave,12 Years a Slave,https://www.imdb.com/title/tt2024544/,Movie,8.1,134,2013,"Biography, Drama, History",780183,11/8/2013,Steve McQueen,,
299,tt0112471,5/4/2025,5/4/2025,,Before Sunrise,Before Sunrise,https://www.imdb.com/title/tt0112471/,Movie,8.1,101,1995,"Comedy, Drama, Romance",371910,1/27/1995,Richard Linklater,,
300,tt3682448,5/4/2025,5/4/2025,,Bridge of Spies,Bridge of Spies,https://www.imdb.com/title/tt3682448/,Movie,7.6,142,2015,"Drama, History, Thriller, War",342330,10/16/2015,Steven Spielberg,,
301,tt1016150,5/4/2025,5/4/2025,,All Quiet on the Western Front,Im Westen nichts Neues,https://www.imdb.com/title/tt1016150/,Movie,7.8,148,2022,"Drama, History, War",308245,10/28/2022,Edward Berger,,
302,tt0120188,5/4/2025,5/4/2025,,Three Kings,Three Kings,https://www.imdb.com/title/tt0120188/,Movie,7.1,114,1999,"Action, Adventure, Comedy, Drama, War",186616,10/1/1999,David O. Russell,,
303,tt0418689,5/4/2025,5/4/2025,,Flags of Our Fathers,Flags of Our Fathers,https://www.imdb.com/title/tt0418689/,Movie,7.1,135,2006,"Action, Adventure, Drama, History, War",133662,10/20/2006,Clint Eastwood,,
304,tt0159273,5/4/2025,5/4/2025,,Behind Enemy Lines,Behind Enemy Lines,https://www.imdb.com/title/tt0159273/,Movie,6.4,106,2001,"Action, Drama, Thriller, War",118505,11/30/2001,John Moore,,
305,tt4530422,5/4/2025,5/4/2025,,Overlord,Overlord,https://www.imdb.com/title/tt4530422/,Movie,6.6,110,2018,"Action, Horror, Sci-Fi, War",114485,11/9/2018,Julius Avery,,
306,tt1413492,5/4/2025,5/4/2025,,12 Strong,12 Strong,https://www.imdb.com/title/tt1413492/,Movie,6.5,130,2018,"Action, Drama, History, War",99871,1/19/2018,Nicolai Fuglsig,,
307,tt2177771,5/8/2025,5/8/2025,,The Monuments Men,The Monuments Men,https://www.imdb.com/title/tt2177771/,Movie,6.1,118,2014,"Biography, Comedy, Drama, War",147795,2/7/2014,George Clooney,,
308,tt0060472,5/24/2025,5/24/2025,,Grand Prix,Grand Prix,https://www.imdb.com/title/tt0060472/,Movie,7.2,176,1966,"Drama, Sport",11876,12/21/1966,John Frankenheimer,,
309,tt0110442,6/20/2025,6/20/2025,,Major League II,Major League II,https://www.imdb.com/title/tt0110442/,Movie,5.7,105,1994,"Comedy, Sport",29572,3/30/1994,David S. Ward,,
310,tt0974661,6/28/2025,6/28/2025,,17 Again,17 Again,https://www.imdb.com/title/tt0974661/,Movie,6.4,102,2009,"Comedy, Drama, Fantasy, Romance, Sport",230194,4/17/2009,Burr Steers,,
311,tt7738330,7/4/2025,7/4/2025,,The Long Game,The Long Game,https://www.imdb.com/title/tt7738330/,Movie,6.7,112,2023,"Drama, History, Sport",8111,4/12/2024,Julio Quintana,,
312,tt2883512,7/6/2025,7/6/2025,,Chef,Chef,https://www.imdb.com/title/tt2883512/,Movie,7.3,114,2014,"Adventure, Comedy, Drama",248008,5/30/2014,Jon Favreau,,
313,tt1670345,7/13/2025,7/13/2025,,Now You See Me,Now You See Me,https://www.imdb.com/title/tt1670345/,Movie,7.2,115,2013,"Crime, Mystery, Thriller",763457,5/31/2013,Louis Leterrier,,
314,tt5177120,7/16/2025,7/16/2025,,The Ministry of Ungentlemanly Warfare,The Ministry of Ungentlemanly Warfare,https://www.imdb.com/title/tt5177120/,Movie,6.8,122,2024,"Action, Comedy, War",152846,4/19/2024,Guy Ritchie,,
315,tt4555426,7/16/2025,7/16/2025,,Darkest Hour,Darkest Hour,https://www.imdb.com/title/tt4555426/,Movie,7.4,125,2017,"Biography, Drama, History, War",240892,12/22/2017,Joe Wright,,
316,tt0118887,7/18/2025,7/18/2025,,Cop Land,Cop Land,https://www.imdb.com/title/tt0118887/,Movie,7,105,1997,"Crime, Drama, Thriller",114081,8/15/1997,James Mangold,,
317,tt2442560,8/11/2025,8/11/2025,,Peaky Blinders,Peaky Blinders,https://www.imdb.com/title/tt2442560/,TV Series,8.7,60,2013,"Crime, Drama",751406,9/30/2014,,,
318,tt3890160,8/11/2025,8/11/2025,,Baby Driver,Baby Driver,https://www.imdb.com/title/tt3890160/,Movie,7.5,113,2017,"Action, Crime, Drama, Music",674364,6/28/2017,Edgar Wright,,
319,tt1389137,8/24/2025,8/24/2025,,We Bought a Zoo,We Bought a Zoo,https://www.imdb.com/title/tt1389137/,Movie,7,124,2011,"Comedy, Drama, Family",159275,12/23/2011,Cameron Crowe,,
320,tt36413910,8/28/2025,8/28/2025,,The Mosquito Bowl,The Mosquito Bowl,https://www.imdb.com/title/tt36413910/,Movie,,,2026,"Drama, History, War",0,2026,Peter Berg,,
321,tt0478311,10/7/2025,10/7/2025,,Knocked Up,Knocked Up,https://www.imdb.com/title/tt0478311/,Movie,6.9,129,2007,"Comedy, Romance",396880,6/1/2007,Judd Apatow,,
322,tt29567915,12/16/2025,12/16/2025,,Nuremberg,Nuremberg,https://www.imdb.com/title/tt29567915/,Movie,7.4,148,2025,"Biography, Drama, History, Thriller, War",49084,11/7/2025,James Vanderbilt,,
323,tt30144839,12/16/2025,12/16/2025,,One Battle After Another,One Battle After Another,https://www.imdb.com/title/tt30144839/,Movie,7.8,161,2025,"Action, Crime, Drama, Thriller",286707,9/26/2025,Paul Thomas Anderson,,
324,tt12789558,12/22/2025,12/22/2025,,Belfast,Belfast,https://www.imdb.com/title/tt12789558/,Movie,7.2,98,2021,"Biography, Drama",116737,11/12/2021,Kenneth Branagh,,
325,tt0146984,12/23/2025,12/23/2025,,The Legend of Bagger Vance,The Legend of Bagger Vance,https://www.imdb.com/title/tt0146984/,Movie,6.7,126,2000,"Drama, Sport",61850,11/3/2000,Robert Redford,,
326,tt0104431,12/24/2025,12/24/2025,,Home Alone 2: Lost in New York,Home Alone 2: Lost in New York,https://www.imdb.com/title/tt0104431/,Movie,6.9,120,1992,"Adventure, Comedy, Crime, Family",450770,11/20/1992,Chris Columbus,,
327,tt0457939,12/24/2025,12/24/2025,,The Holiday,The Holiday,https://www.imdb.com/title/tt0457939/,Movie,7,136,2006,"Comedy, Romance",364067,12/8/2006,Nancy Meyers,,
328,tt1711525,12/24/2025,12/24/2025,,Office Christmas Party,Office Christmas Party,https://www.imdb.com/title/tt1711525/,Movie,5.9,105,2016,Comedy,93868,12/9/2016,"Josh Gordon, Will Speck",,
329,tt0314331,12/26/2025,12/26/2025,,Love Actually,Love Actually,https://www.imdb.com/title/tt0314331/,Movie,7.5,135,2003,"Comedy, Drama, Romance",577276,11/14/2003,Richard Curtis,,
330,tt33764258,12/29/2025,12/29/2025,,The Odyssey,The Odyssey,https://www.imdb.com/title/tt33764258/,Movie,,,2026,"Action, Adventure, Fantasy, History",0,7/17/2026,Christopher Nolan,,
331,tt0468569,12/29/2025,12/29/2025,,The Dark Knight,The Dark Knight,https://www.imdb.com/title/tt0468569/,Movie,9.1,152,2008,"Action, Crime, Drama, Thriller",3123670,7/18/2008,Christopher Nolan,,
332,tt1345836,12/29/2025,12/29/2025,,The Dark Knight Rises,The Dark Knight Rises,https://www.imdb.com/title/tt1345836/,Movie,8.4,164,2012,"Action, Crime, Drama, Thriller",1970853,7/20/2012,Christopher Nolan,,
333,tt4729430,12/30/2025,12/30/2025,,Klaus,Klaus,https://www.imdb.com/title/tt4729430/,Movie,8.2,96,2019,"Animation, Adventure, Comedy, Family, Fantasy",232008,11/15/2019,"Sergio Pablos, Carlos Martínez López",,
334,tt0141109,12/30/2025,12/30/2025,,Jack Frost,Jack Frost,https://www.imdb.com/title/tt0141109/,Movie,5.5,101,1998,"Comedy, Drama, Family, Fantasy",44424,12/11/1998,Troy Miller,,
335,tt0430105,1/4/2026,1/4/2026,,Four Brothers,Four Brothers,https://www.imdb.com/title/tt0430105/,Movie,6.8,109,2005,"Action, Crime, Drama, Mystery, Thriller",167267,7/1/2005,John Singleton,,
336,tt0780511,1/4/2026,1/4/2026,,Everybody's Fine,Everybody's Fine,https://www.imdb.com/title/tt0780511/,Movie,7.1,99,2009,"Adventure, Drama",66991,12/4/2009,Kirk Jones,,
337,tt0116999,1/9/2026,1/9/2026,,Marvin's Room,Marvin's Room,https://www.imdb.com/title/tt0116999/,Movie,6.7,98,1996,Drama,31888,2/28/1997,Jerry Zaks,,
338,tt8946378,1/10/2026,1/10/2026,,Knives Out,Knives Out,https://www.imdb.com/title/tt8946378/,Movie,7.9,130,2019,"Comedy, Crime, Drama, Mystery, Thriller",863198,11/27/2019,Rian Johnson,,
339,tt0374900,1/10/2026,1/10/2026,,Napoleon Dynamite,Napoleon Dynamite,https://www.imdb.com/title/tt0374900/,Movie,7,96,2004,Comedy,253236,8/27/2004,Jared Hess,,
340,tt0163651,1/10/2026,1/10/2026,,American Pie,American Pie,https://www.imdb.com/title/tt0163651/,Movie,7,95,1999,Comedy,463646,7/9/1999,Paul Weitz,,
341,tt0088247,1/10/2026,1/10/2026,,The Terminator,The Terminator,https://www.imdb.com/title/tt0088247/,Movie,8.1,107,1984,"Action, Adventure, Sci-Fi",992779,10/26/1984,James Cameron,,
342,tt0080339,1/13/2026,1/13/2026,,Airplane!,Airplane!,https://www.imdb.com/title/tt0080339/,Movie,7.7,88,1980,Comedy,283778,7/2/1980,"Jim Abrahams, David Zucker, Jerry Zucker",,
343,tt0094012,1/13/2026,1/13/2026,,Spaceballs,Spaceballs,https://www.imdb.com/title/tt0094012/,Movie,7.1,96,1987,"Adventure, Comedy, Sci-Fi",224123,6/24/1987,Mel Brooks,,
344,tt31050594,1/17/2026,1/17/2026,,Mercy,Mercy,https://www.imdb.com/title/tt31050594/,Movie,6,100,2026,"Action, Crime, Drama, Mystery, Sci-Fi, Thriller",1130,1/23/2026,Timur Bekmambetov,,
345,tt4357198,1/17/2026,1/17/2026,,How to Make a Killing,How to Make a Killing,https://www.imdb.com/title/tt4357198/,Movie,,98,2026,"Comedy, Drama, Thriller",0,2/20/2026,John Patton Ford,,
346,tt14257582,1/18/2026,1/18/2026,,Wolfs,Wolfs,https://www.imdb.com/title/tt14257582/,Movie,6.5,108,2024,"Comedy, Crime, Thriller",99900,9/27/2024,Jon Watts,,
347,tt0090863,1/19/2026,1/19/2026,,The Color of Money,The Color of Money,https://www.imdb.com/title/tt0090863/,Movie,7,119,1986,"Drama, Sport",100051,10/17/1986,Martin Scorsese,6,1/19/2026
348,tt3783958,1/19/2026,1/19/2026,,La La Land,La La Land,https://www.imdb.com/title/tt3783958/,Movie,8,128,2016,"Comedy, Drama, Music, Musical, Romance",748128,12/25/2016,Damien Chazelle,,
349,tt5164214,1/19/2026,1/19/2026,,Ocean's Eight,Ocean's Eight,https://www.imdb.com/title/tt5164214/,Movie,6.3,110,2018,"Action, Comedy, Crime",258972,6/8/2018,Gary Ross,,
350,tt31495504,1/19/2026,1/19/2026,,The Tank,Der Tiger,https://www.imdb.com/title/tt31495504/,Movie,6.5,116,2025,"Action, Drama, Thriller, War",9928,1/2/2026,Dennis Gansel,,
351,tt0064505,1/21/2026,1/21/2026,,The Italian Job,The Italian Job,https://www.imdb.com/title/tt0064505/,Movie,7.2,99,1969,"Action, Comedy, Crime, Thriller",53763,9/3/1969,Peter Collinson,,
352,tt0056172,1/21/2026,1/21/2026,,Lawrence of Arabia,Lawrence of Arabia,https://www.imdb.com/title/tt0056172/,Movie,8.3,227,1962,"Adventure, Biography, Drama, War",338288,12/16/1962,David Lean,,
353,tt0320661,1/22/2026,1/22/2026,,Kingdom of Heaven,Kingdom of Heaven,https://www.imdb.com/title/tt0320661/,Movie,7.3,144,2005,"Action, Adventure, Drama, History, War",347850,5/6/2005,Ridley Scott,,
354,tt0120863,1/22/2026,1/22/2026,,The Thin Red Line,The Thin Red Line,https://www.imdb.com/title/tt0120863/,Movie,7.6,170,1998,"Drama, History, War",211196,1/15/1999,Terrence Malick,,
355,tt32306991,1/23/2026,1/23/2026,,Solo Mio,Solo Mio,https://www.imdb.com/title/tt32306991/,Movie,,100,2026,"Comedy, Romance",0,2/6/2026,"Charles Kinnane, Daniel Kinnane",,
356,tt5057054,1/23/2026,1/23/2026,,Tom Clancy's Jack Ryan,Jack Ryan,https://www.imdb.com/title/tt5057054/,TV Series,8,60,2018,"Action, Crime, Drama, Thriller",190079,8/31/2018,,,
