Movie,Year,Runtime,Director,Genre1,Genre2,Genre3,IMDb,RT,Metascore,Rated,Oscar_Wins,Total_Wins,Keywords,Predicted Score,Raw_Predicted
The Green Mile,1999,189.0,Frank Darabont,Crime,Drama,Fantasy,8.6,78.0,61.0,R,0,15,"mentally disabled, death penalty, based on novel or book, southern usa, psychopath, death row, jail guard, supernatural, great depression, prison guard",9.05,9.42
Sully,2016,96.0,Clint Eastwood,Biography,Drama,,7.4,85.0,74.0,PG-13,0,14,"rescue, new york city, airplane, investigation, pilot, based on true story, emergency landing, flight, aviation, airplane accident",9.03,9.39
Invictus,2009,134.0,Clint Eastwood,Biography,Drama,History,7.3,76.0,74.0,PG-13,0,12,"sports, stadium, south africa, apartheid, idealism, nelson mandela, based on true story, idealist, rugby, president",9.01,9.37
Unforgiven,1992,130.0,Clint Eastwood,Drama,Western,,8.2,96.0,85.0,R,4,52,"prostitute, sheriff, right and justice, regret, wyoming, usa, kansas, usa, revenge, mutilation, one last job, reputation",9.0,9.36
Jackie Brown,1997,154.0,Quentin Tarantino,Crime,Drama,Thriller,7.5,88.0,62.0,R,0,9,"airport, based on novel or book, police, arms deal, stewardess, heist, money, los angeles, california, drugs, ex-con",8.93,9.28
Gangs of New York,2002,167.0,Martin Scorsese,Crime,Drama,,7.5,72.0,72.0,R,0,50,"rescue, immigrant, ship, fire, army, pickpocket, pig, gangster, irish-american, gang war",8.93,9.29
The Way Back,2020,108.0,Gavin O'Connor,Drama,Sport,,6.7,85.0,66.0,R,0,0,"change, alcoholism, widower, basketball team, basketball coach, addiction recovery, dramatic, admiring",8.91,9.26
Cop Land,1997,105.0,James Mangold,Crime,Drama,Thriller,7.0,75.0,64.0,R,0,1,"new york city, corruption, new jersey, police, handcuffs, fbi, bridge, car crash, murder, arson",8.91,9.25
Rocky,1976,120.0,John G. Avildsen,Drama,Sport,,8.1,93.0,70.0,PG,3,23,"underdog, philadelphia, pennsylvania, transporter, love of one's life, italian american, sports, fight, independence, publicity, boxer",8.91,9.26
The Aviator,2004,170.0,Martin Scorsese,Biography,Drama,,7.5,86.0,77.0,PG-13,5,89,"ladykiller, pilot, biography, based on true story, womanizer, phobia, aviation, u.s. congress, flying boat, test flight",8.89,9.23
Don't Look Up,2021,138.0,Adam McKay,Comedy,Drama,Sci-Fi,7.1,80.5,49.0,R,0,24,"artificial intelligence (a.i.), the white house, asteroid, climate change, satire, global warming, comet, end of the world, social commentary, social satire",8.86,9.2
Tenet,2020,150.0,Christopher Nolan,Action,Sci-Fi,Thriller,7.3,70.0,69.0,PG-13,1,49,"assassin, espionage, spy, time travel, mumbai (bombay), india, arms dealer, terrorism, terrorist attack, nuclear weapons, terrorist plot",8.84,9.17
The Beekeeper,2024,105.0,David Ayer,Action,Crime,Thriller,6.3,71.0,53.0,R,0,1,"massachusetts, secret government organization, frantic, vengeance, fbi agent, beekeepers, scammer, scam call center, retired assassin, vibrant",8.84,9.18
Men in Black,1997,98.0,Barry Sonnenfeld,Action,Adventure,Comedy,7.3,91.0,72.0,PG-13,1,23,"new york city, cannon, space marine, flying saucer, undercover, secret identity, superhero, deportation, illegal immigration, new identity",8.83,9.16
Captain Phillips,2013,134.0,Paul Greengrass,Action,Biography,Crime,7.8,93.0,82.0,PG-13,0,17,"ship, africa, fisherman, hijacking, somalia, based on true story, poverty, pirate, terrorism, commando",8.83,9.16
The Dark Knight,2008,152.0,Christopher Nolan,Action,Crime,Drama,9.1,94.0,85.0,PG-13,2,163,"sadism, chaos, secret identity, crime fighter, superhero, anti hero, scarecrow, based on comic, vigilante, organized crime",8.82,9.15
Training Day,2001,122.0,Antoine Fuqua,Crime,Drama,Thriller,7.8,74.0,71.0,R,1,18,"drug dealer, california, police brutality, poker, bratva (russian mafia), war on drugs, drug trafficking, police corruption, los angeles, california, gang member",8.82,9.15
Jack Reacher: Never Go Back,2016,118.0,Edward Zwick,Action,Thriller,,6.2,37.0,47.0,PG-13,0,1,"based on novel or book, espionage, military officer, homicide, falsely accused, new orleans, louisiana, investigation, afghanistan, sequel, on the run",8.81,9.14
Men in Black II,2002,88.0,Barry Sonnenfeld,Action,Adventure,Comedy,6.2,38.0,49.0,PG-13,0,4,"new york city, space marine, saving the world, flying saucer, undercover, secret identity, superhero, deportation, illegal immigration, new identity",8.79,9.12
The Holdovers,2023,133.0,Alexander Payne,Comedy,Drama,,7.9,97.0,82.0,R,1,137,"vietnam war, winter, boarding school, holiday, boston, massachusetts, 1970s, alcoholism, grief, misfit, mental illness",8.79,9.12
Cast Away,2000,143.0,Robert Zemeckis,Adventure,Drama,Romance,7.8,88.0,74.0,PG-13,0,15,"exotic island, suicide attempt, volleyball, survival, remarriage, loneliness, castaway, airplane crash, presumed dead, deserted island",8.78,9.1
The Gambler,2014,111.0,Rupert Wyatt,Crime,Drama,Thriller,6.0,43.0,55.0,R,0,1,"gambling, gun, professor, beating, gambler, loan shark, reflective",8.78,9.1
Flags of Our Fathers,2006,135.0,Clint Eastwood,Action,Adventure,Drama,7.1,76.0,79.0,R,0,16,"dying and death, japan, world war ii, based on true story, pacific, pacific war, iwo jima, aftercreditsstinger, duringcreditsstinger, 1940s",8.77,9.1
Before Sunrise,1995,101.0,Richard Linklater,Comedy,Drama,Romance,8.1,100.0,79.0,R,0,1,"talking, soulmates, walking, austria, vienna, austria, semi autobiographical, playful, cliché",8.77,9.1
The Accountant,2016,128.0,Gavin O'Connor,Action,Crime,Drama,7.3,53.0,51.0,R,0,3,"prison, sniper, assassin, autism, military service, money, treasury department, sniper rifle, gunfight, loner",8.77,9.09
The Karate Kid,1984,126.0,John G. Avildsen,Action,Drama,Family,7.3,81.0,61.0,PG,0,5,"high school, friendship, martial arts, fight, painting, karate, bullying, sensei, bully, teen movie",8.76,9.08
Fool's Gold,2008,112.0,Andy Tennant,Action,Adventure,Comedy,5.7,11.0,29.0,PG-13,0,0,"helicopter, gambling debt, gangster, obsession, cemetery, mentor, rapper, shipwreck, bahamas, jet ski",8.75,9.06
Man on Fire,2004,146.0,Tony Scott,Action,Crime,Drama,7.7,39.0,47.0,R,0,1,"mexico, mexico city, mexico, based on novel or book, kidnapping, bodyguard, diary, bible, remake, stuffed animal, revenge",8.75,9.07
The Interview,2014,112.0,Evan Goldberg,Action,Adventure,Comedy,6.5,51.0,52.0,R,0,2,"central intelligence agency (cia), socialism, coup d'etat, assassination attempt, evil dictator, north korea, disdainful, disgusted, doubtful, dubious",8.75,9.07
One Flew Over the Cuckoo's Nest,1975,133.0,Milos Forman,Drama,,,8.6,93.0,84.0,R,5,38,"mentally disabled, friendship, based on novel or book, nurse, lunatic asylum, affectation, insane asylum, oregon, usa, hospital, medication",8.75,9.07
Raiders of the Lost Ark,1981,115.0,Steven Spielberg,Action,Adventure,,8.4,94.0,86.0,PG,4,41,"egypt, treasure, medallion, swastika, saving the world, nepal, himalaya mountain range, cairo, moses, hat",8.75,9.07
Wall Street,1987,126.0,Oliver Stone,Crime,Drama,,7.3,79.0,56.0,R,1,9,"new york city, fraud, wall street, broker, finances, stockbroker, lawyer, union, millionaire, manhattan, new york city",8.75,9.07
Borat,2006,84.0,Larry Charles,Comedy,,,7.4,90.0,89.0,R,0,20,"journalist, california, prostitute, rodeo, kazakhstan, demeanor course, chicken, driving school, satire, mockumentary",8.74,9.06
The Abyss,1989,140.0,James Cameron,Adventure,Drama,Mystery,7.5,76.0,62.0,PG-13,1,9,"sea, flying saucer, submarine, ocean, diving suit, secret mission, insanity, nuclear missile, u.s. navy, alien life-form",8.74,9.06
Creed,2015,133.0,Ryan Coogler,Action,Drama,Sport,7.6,95.0,82.0,PG-13,0,45,"underdog, mexico, philadelphia, pennsylvania, sports, mentor, trainer, cancer, spin off, underground fighting, boxing trainer",8.74,9.05
Death Proof,2007,127.0,Quentin Tarantino,Drama,Thriller,,7.0,67.0,68.0,R,0,0,"sports car, sadism, psychopath, disc jockey, ladykiller, exploitation, gore, stunt, female friendship, women's prison",8.74,9.05
Bad Boys,1995,119.0,Michael Bay,Action,Comedy,Crime,6.8,46.0,41.0,R,0,1,"miami, florida, mexican standoff, male friendship, witness protection, stripper, car crash, strip club, internal affairs, police corruption, gunfight",8.73,9.05
The Revenant,2015,156.0,Alejandro G. Iñárritu,Adventure,Drama,Western,8.0,78.0,76.0,R,3,94,"rape, based on novel or book, parent child relationship, winter, child murder, mountain, grizzly bear, animal attack, wilderness, gore",8.73,9.05
The Living Daylights,1987,130.0,John Glen,Action,Adventure,Thriller,6.7,72.0,59.0,PG,0,3,"prison, london, england, assassination, airplane, escape, arms smuggling, england, secret mission, arms deal, spy",8.73,9.04
The Patriot,2000,165.0,Roland Emmerich,Action,Drama,War,7.2,61.0,63.0,R,0,9,"daughter, mission, general, southern usa, loss of loved one, rebel, patriotism, insurgence, gore, south carolina",8.73,9.05
North by Northwest,1959,136.0,Alfred Hitchcock,Adventure,Drama,Mystery,8.3,97.0,98.0,Approved,0,9,"new york city, assassination, undercover agent, espionage, spy, cold war, mistaken identity, deception, romance, fugitive",8.73,9.04
The Martian,2015,144.0,Ridley Scott,Adventure,Drama,Sci-Fi,8.0,91.0,80.0,PG-13,0,40,"spacecraft, planet mars, based on novel or book, nasa, isolation, botanist, alone, survival, space, engineering",8.73,9.05
Darkest Hour,2017,125.0,Joe Wright,Biography,Drama,History,7.4,84.0,75.0,PG-13,2,54,"world war ii, biography, based on true story, london underground, british politics, british prime minister, british history, autobiographical, dunkirk, 1940s",8.73,9.04
Straight Outta Compton,2015,147.0,F. Gary Gray,Biography,Drama,History,7.8,89.0,72.0,R,0,28,"drug dealer, police brutality, husband wife relationship, rap music, hip-hop, sibling relationship, aids, parent child relationship, gangster, rapper",8.72,9.03
Troy,2004,163.0,Wolfgang Petersen,Action,Adventure,Drama,7.3,53.0,56.0,R,0,5,"adultery, sibling relationship, hostility, bravery, mythology, beauty, trojan war, wall, fraud, sword fight",8.72,9.04
Life Is Beautiful,1997,116.0,Roberto Benigni,Comedy,Drama,Romance,8.6,80.0,58.0,PG-13,3,72,"dying and death, bookshop, love of one's life, nazi, self sacrifice, loss of loved one, italy, riddle, mass murder, concentration camp",8.72,9.03
Under Siege,1992,103.0,Andrew Davis,Action,Thriller,,6.5,83.0,58.0,R,0,3,"martial arts, war ship, mercenary, nuclear missile, u.s. navy, hostage-taking, terrorism, one against many, battleship, action hero",8.72,9.04
The Prestige,2006,130.0,Christopher Nolan,Drama,Mystery,Sci-Fi,8.5,77.0,66.0,PG-13,0,6,"dying and death, suicide, class society, london, england, magic, competition, obsession, hostility, class, diary",8.72,9.04
The Elephant Man,1980,124.0,David Lynch,Biography,Drama,,8.2,91.0,78.0,PG,0,11,"friendship, london, england, escape, nurse, exploitation, biography, based on true story, hospital, black and white, social injustice",8.72,9.04
Manchester by the Sea,2016,137.0,Kenneth Lonergan,Drama,,,7.8,96.0,96.0,R,2,128,"funeral, boston, massachusetts, brother, boat, sadness, massachusetts, loss, dysfunctional family, grief, hospital",8.71,9.02
Terminator 2: Judgment Day,1991,137.0,James Cameron,Action,Adventure,Sci-Fi,8.6,91.0,75.0,R,4,39,"man vs machine, cyborg, shotgun, dystopia, moral ambiguity, post-apocalyptic future, villain, time travel, mental institution, juvenile delinquent",8.71,9.02
Million Dollar Arm,2014,124.0,Craig Gillespie,Biography,Drama,Family,7.0,65.0,56.0,PG,0,1,"sports, baseball, cricket, based on true story, india, duringcreditsstinger",8.71,9.02
Live and Let Die,1973,121.0,Guy Hamilton,Action,Adventure,Thriller,6.7,67.0,55.0,PG,0,3,"new york city, london, england, sheriff, dual identity, based on novel or book, drug smuggling, bomb, england, secret mission, spy",8.71,9.02
There Will Be Blood,2007,158.0,Paul Thomas Anderson,Drama,,,8.2,91.0,93.0,R,2,114,"california, petrol, sibling relationship, based on novel or book, capitalism, pastor, deaf-mute, greed, american dream, narcissism",8.7,9.01
Once Upon a Time in America,1984,229.0,Sergio Leone,Crime,Drama,,8.3,86.0,75.0,R,0,11,"new york city, regret, lovesickness, rape, life and death, sexual abuse, street gang, corruption, based on novel or book, prohibition era",8.7,9.01
Flight,2012,138.0,Robert Zemeckis,Drama,Thriller,,7.3,77.0,76.0,R,0,15,"airplane, confession, investigation, pilot, emergency landing, flight, alcoholism, f word, hangover, airplane accident",8.7,9.01
Snatch,2000,102.0,Guy Ritchie,Comedy,Crime,,8.2,74.0,55.0,R,0,4,"robbery, trailer park, england, gypsy, gambling, bare knuckle boxing, slang, antwerp, pig, gangster",8.7,9.01
Bloodsport,1988,92.0,Newt Arnold,Action,Biography,Drama,6.8,50.0,29.0,R,0,0,"martial arts, sports, biography, fistfight, sensei, mixed martial arts (mma), hong kong, tournament, underground fighting, walled city",8.7,9.01
Love Actually,2003,135.0,Richard Curtis,Comedy,Drama,Romance,7.5,65.0,55.0,R,0,11,"london, england, usa president, rock star, school performance, love at first sight, holiday, war on terror, marseille, france, office, christmas party",8.7,9.01
The Last Samurai,2003,154.0,Edward Zwick,Action,Drama,,7.8,65.0,55.0,R,0,20,"japan, samurai, swordplay, general, sense of guilt, war veteran, sword, war crimes, loss of loved one, self-discovery",8.7,9.01
Lawrence of Arabia,1962,227.0,David Lean,Adventure,Biography,Drama,8.3,93.0,100.0,PG,7,31,"cairo, world war i, arabian, horse, jerusalem, british army, british empire, damascus, camel, based on true story",8.7,9.01
Knives Out,2019,130.0,Rian Johnson,Comedy,Crime,Drama,7.9,97.0,82.0,PG-13,0,52,"immigrant, detective, massachusetts, investigation, big family, mansion, whodunit, family home, murder mystery, neo-noir",8.69,9.0
Dr. No,1962,110.0,Terence Young,Action,Adventure,Thriller,7.2,95.0,78.0,PG,0,5,"exotic island, london, england, space marine, card game, assassination, casino, based on novel or book, england, secret mission, spy",8.69,9.0
Miracle on 34th Street,1947,96.0,George Seaton,Comedy,Drama,Family,7.9,96.0,88.0,Approved,3,10,"new york city, court, judge, parent child relationship, holiday, department store, santa claus, thanksgiving, psychologist, lawyer",8.69,9.0
From Russia with Love,1963,115.0,Terence Young,Action,Adventure,Thriller,7.3,97.0,83.0,PG,0,3,"assassin, london, england, assassination, based on novel or book, venice, italy, england, gypsy, secret mission, spy, secret intelligence service",8.68,8.99
Cocktail,1988,104.0,Roger Donaldson,Comedy,Drama,Romance,5.9,9.0,12.0,R,0,5,"new york city, jamaica, night life, bartender, ambition, rags to riches, cocktail",8.68,8.99
The King of Comedy,1982,109.0,Martin Scorsese,Comedy,Crime,Drama,7.8,89.0,73.0,PG,0,3,"prison, new york city, blackmail, show business, entertainer, fbi, studio, receptionist, zealous, cautionary",8.68,8.99
Jack Reacher,2012,130.0,Christopher McQuarrie,Action,Thriller,,7.0,64.0,50.0,PG-13,0,1,"sniper, coma, based on novel or book, detective, investigation, police chase, investigator, district attorney, defense attorney, military police",8.68,8.99
Any Given Sunday,1999,162.0,Oliver Stone,Drama,Sport,,6.9,51.0,52.0,R,0,3,"sports, american football, american football coach, trainer, training, american football stadium",8.68,8.98
Beetlejuice,1988,92.0,Tim Burton,Comedy,Fantasy,,7.4,83.0,71.0,PG,1,7,"skeleton, afterlife, calypso, supernatural, arts, halloween, haunted house, minister, possession, giant snake",8.68,8.99
The Longest Yard,1974,121.0,Robert Aldrich,Comedy,Crime,Drama,7.1,76.0,61.0,R,0,2,"prison, sports, american football, georgia, quarterback, palm beach, florida",8.68,8.99
Deal,2008,86.0,Gil Cates Jr.,Comedy,Drama,,5.3,3.0,35.0,PG-13,0,0,"poker, restart, call girl, competition, mentor, confidence, loser, gain, turnier, money",8.68,8.99
The Man with the Golden Gun,1974,125.0,Guy Hamilton,Action,Adventure,Thriller,6.7,40.0,43.0,PG,0,2,"gold, exotic island, martial arts, assassin, london, england, based on novel or book, england, hitman, secret mission, villain",8.68,8.98
The Terminator,1984,107.0,James Cameron,Action,Adventure,Sci-Fi,8.1,90.0,84.0,R,0,9,"man vs machine, artificial intelligence (a.i.), saving the world, laser gun, cyborg, killer robot, shotgun, rebel, dystopia, villain",8.68,8.99
The Gentlemen,2019,113.0,Guy Ritchie,Action,Comedy,Crime,7.8,76.0,51.0,R,0,1,"london, england, robbery, businessman, gangster, dark comedy, betrayal, marijuana, business, jewish american, gunfight",8.68,8.98
Limitless,2011,105.0,Neil Burger,Sci-Fi,Thriller,,7.4,68.0,59.0,PG-13,0,2,"new york city, medicine, politician, iq, pill, stalking, superhuman, writer, drugs, threat",8.68,8.99
Napoleon Dynamite,2004,96.0,Jared Hess,Comedy,,,7.0,72.0,64.0,PG,0,10,"underdog, high school, sibling relationship, idaho, chat, school dance, social outcast, aftercreditsstinger, indifferent",8.67,8.98
Airplane!,1980,88.0,Jim Abrahams,Comedy,,,7.7,97.0,78.0,PG,0,3,"chicago, illinois, post-traumatic stress disorder (ptsd), airplane, cataclysm, nun, guitar, alcohol, stewardess, taxi driver, passenger",8.67,8.97
Monty Python's Life of Brian,1979,94.0,Terry Jones,Comedy,,,8.0,96.0,77.0,R,0,0,"roman empire, jewry, three kings, crucifixion, bethlehem, independence movement, satire, parody, religion, sermon on the mount",8.67,8.97
Gone Girl,2014,149.0,David Fincher,Drama,Mystery,Thriller,8.1,88.0,79.0,R,0,64,"infidelity, based on novel or book, wife, marriage crisis, investigation, disappearance, psychological thriller, whodunit, cynical, missing person",8.67,8.97
The November War,2013,52.0,Garrett Anderson,Documentary,History,War,7.5,80.5,68.0,,0,0,,8.67,8.98
Act of Valor,2012,110.0,Mike McCoy,Action,Adventure,Thriller,6.4,28.0,40.0,R,0,1,"navy, submarine, heroism, scuba diving, u.s. navy seal, military life, valor, terrorist plot, navy life, national security",8.67,8.97
Footloose,1984,107.0,Herbert Ross,Drama,Music,Romance,6.6,55.0,42.0,PG,0,2,"dancing, dance, dancer, dance teacher, father daughter relationship, amused",8.67,8.98
The Grand,2007,104.0,Zak Penn,Comedy,,,5.9,40.0,57.0,R,0,0,"poker, mockumentary, tournament, improvisation, poker game",8.67,8.97
Shade,2003,101.0,Damian Nieman,Crime,Thriller,,6.3,67.0,40.0,R,0,0,,8.67,8.98
8 Mile,2002,110.0,Curtis Hanson,Drama,Music,,7.2,76.0,77.0,R,1,17,"individual, adolescence, rap music, hip-hop, rhyme battle, trailer park, street gang, ethnic stereotype, rapper, ghetto",8.67,8.98
A View to a Kill,1985,131.0,John Glen,Action,Adventure,Thriller,6.3,36.0,40.0,PG,0,2,"london, england, helicopter, fire, drug abuse, france, paris, france, england, san francisco, california, horse race, secret identity",8.67,8.98
For Your Eyes Only,1981,127.0,John Glen,Action,Adventure,Thriller,6.7,69.0,54.0,PG,0,2,"sea, assassin, london, england, smuggling (contraband), submarine, undercover, england, secret mission, olympic games, secret intelligence service",8.67,8.98
Diamonds Are Forever,1971,120.0,Guy Hamilton,Action,Adventure,Thriller,6.5,64.0,59.0,PG,0,2,"smuggling (contraband), fight, amsterdam, netherlands, spy, secret organization, satellite, secret agent, plastic surgery, murder, extortion",8.66,8.97
The Spy Who Loved Me,1977,125.0,Lewis Gilbert,Action,Adventure,Thriller,7.0,82.0,55.0,PG,0,4,"sea, egypt, assassination, based on novel or book, cairo, submarine, england, tanker, spy, mass murder",8.66,8.96
12 Strong,2018,130.0,Nicolai Fuglsig,Action,Drama,History,6.5,50.0,54.0,R,0,0,"central intelligence agency (cia), based on novel or book, afghanistan, based on true story, taliban, post 9/11, intense, melodramatic",8.66,8.96
Midway,2019,138.0,Roland Emmerich,Action,Drama,History,6.7,42.0,47.0,PG-13,0,0,"world war ii, u.s. navy, based on true story, battle of midway, pacific war, historical fiction, pacific theater, naval warfare, 1940s",8.66,8.96
We Bought a Zoo,2011,124.0,Cameron Crowe,Comedy,Drama,Family,7.0,64.0,58.0,PG,0,1,"countryside, rain, zoo, based on true story, love, based on memoir or autobiography, animals, hard work, blocked road, zoo animals",8.66,8.96
Baby Driver,2017,113.0,Edgar Wright,Action,Crime,Drama,7.5,92.0,86.0,R,0,43,"robbery, waitress, atlanta, crime boss, romance, heist, getaway car, on the run, shootout, bank robbery",8.66,8.96
Big Daddy,1999,93.0,Dennis Dugan,Comedy,Drama,,6.5,39.0,42.0,PG-13,0,8,"bachelor, vomit, syracuse university, law school, politically incorrect, young boy, wetting pants, public urination, child's point of view, responsibility",8.66,8.97
Babylon,2022,189.0,Damien Chazelle,Comedy,Drama,,7.1,57.0,61.0,R,0,45,"elephant, gambling, gambling debt, movie business, orgy, cocaine, champagne, alcoholism, hollywood, alcoholic",8.66,8.96
The Longest Yard,2005,113.0,Peter Segal,Comedy,Crime,Sport,6.4,31.0,48.0,PG-13,0,3,"prison, corruption, prisoner, smuggling (contraband), sports, american football, blackmail, american football coach, texas, san diego, california",8.66,8.97
Octopussy,1983,131.0,John Glen,Action,Adventure,Thriller,6.5,41.0,63.0,PG,0,2,"circus, atomic bomb, secret intelligence service, crocodile, eastern block, kgb, snake charmer, hot air balloon, east berlin, british secret service",8.65,8.95
You Only Live Twice,1967,117.0,Lewis Gilbert,Action,Adventure,Thriller,6.8,73.0,61.0,PG,0,2,"island, japan, assassin, london, england, helicopter, assassination, based on novel or book, nasa, england, funeral",8.65,8.95
The Thin Red Line,1998,170.0,Terrence Malick,Drama,History,War,7.6,80.0,78.0,R,0,23,"based on novel or book, steel helmet, world war ii, battle assignment, invasion, infantry, marine corps, us army, commander, rifle",8.65,8.95
Stand by Me,1986,89.0,Rob Reiner,Adventure,Comedy,Drama,8.1,92.0,75.0,R,0,6,"friendship, based on novel or book, leech, bullying, road trip, oregon, usa, coming of age, nostalgic, railroad track, story within the story",8.65,8.95
Blade Runner,1982,117.0,Ridley Scott,Action,Drama,Sci-Fi,8.1,89.0,84.0,R,0,13,"android, flying car, bounty hunter, artificial intelligence (a.i.), genetics, based on novel or book, dystopia, futuristic, fugitive, cyberpunk",8.65,8.95
Scary Movie,2000,88.0,Keenen Ivory Wayans,Comedy,,,6.3,51.0,48.0,R,0,7,"high school, psychopath, garage, satire, parody, crude humor, spoof, horror spoof, drugs, aftercreditsstinger",8.65,8.96
Orange County,2002,82.0,Jake Kasdan,Comedy,Drama,,6.2,47.0,48.0,PG-13,0,0,"high school, surfer, change, loss of loved one, province, college, girlfriend, dysfunctional family, slacker, teen movie",8.65,8.95
Grand Prix,1966,176.0,John Frankenheimer,Drama,Sport,,7.2,92.0,72.0,Approved,3,3,"car race, racing, race car driver, race car crash, 1960s, formula one (f1), motorsport, dramatic, excited",8.65,8.95
Murph: The Protector,2013,79.0,Scott Mactavish,Documentary,,,6.4,75.0,60.0,PG,0,0,,8.65,8.95
The Big Lebowski,1998,117.0,Joel Coen,Comedy,Crime,,8.1,79.0,71.0,R,0,7,"vietnam veteran, white russian, bowling, carpet, nihilism, heart attack, kidnapping, lsd, marijuana, los angeles, california",8.64,8.94
Thunderball,1965,130.0,Terence Young,Action,Adventure,Thriller,6.9,85.0,64.0,Approved,1,5,"sea, florida, paris, france, spy, fighter pilot, bahamas, sanatorium, secret organization, nuclear missile, coral reef",8.64,8.94
Lions for Lambs,2007,92.0,Robert Redford,Crime,Drama,Mystery,6.2,28.0,47.0,R,0,0,"future, journalist, propaganda, war on terror, externally controlled action, manipulation, manipulation of the media, afghanistan, political negotiations, past",8.64,8.94
The Expendables,2010,103.0,Sylvester Stallone,Action,Adventure,Thriller,6.4,41.0,45.0,R,0,3,"rescue, sniper, island, martial arts, tattoo, escape, mercenary, bridge, church, drugs",8.64,8.94
On Her Majesty's Secret Service,1969,142.0,Peter R. Hunt,Action,Adventure,Thriller,6.7,81.0,61.0,PG,0,1,"daughter, suicide, london, england, based on novel or book, england, espionage, secret mission, secret identity, switzerland, new identity",8.64,8.94
Men of Honor,2000,129.0,George Tillman Jr.,Biography,Drama,,7.2,42.0,56.0,R,0,0,"diving, u.s. navy",8.64,8.94
The Mummy,2017,110.0,Alex Kurtzman,Action,Adventure,Fantasy,5.4,15.0,34.0,PG-13,0,4,"egypt, monster, supernatural, mummy, halloween, remake, tomb, egyptian mythology, dark universe",8.64,8.94
Nightmare Alley,2021,150.0,Guillermo del Toro,Crime,Drama,Thriller,7.0,80.0,70.0,R,0,29,"infidelity, based on novel or book, love triangle, tarot cards, mentor, hustler, lie, supernatural, carnival, con artist",8.64,8.94
Over the Top,1987,93.0,Menahem Golan,Action,Drama,Sport,5.8,32.0,40.0,PG,0,4,"underdog, sports, bad father-in-law, father-in-law, road trip, truck, on the road, truck driver, arm wrestling, eighteen wheeler",8.64,8.94
All Quiet on the Western Front,2022,148.0,Edward Berger,Drama,History,War,7.8,90.0,76.0,R,4,59,"based on novel or book, world war i, tank, battle, period drama, german soldier, 1910s, aircraft, trench warfare",8.63,8.93
Goldfinger,1964,110.0,Guy Hamilton,Action,Adventure,Thriller,7.7,99.0,87.0,Approved,1,7,"airplane, based on novel or book, england, secret intelligence service, golf, secret organization, nuclear radiation, fort knox, aston martin, secret lab",8.63,8.93
The Legend of Bagger Vance,2000,126.0,Robert Redford,Drama,Sport,,6.7,43.0,47.0,PG-13,0,2,"based on novel or book, sports, heart attack, world war i, competition, golf, great depression, alcoholism, caddy, 1930s",8.63,8.92
Licence to Kill,1989,133.0,John Glen,Action,Adventure,Thriller,6.7,79.0,58.0,PG-13,0,0,"florida, corruption, airplane, liberation of prisoners, drug trafficking, secret identity, floatplane, transport of prisoners, tank car, florida keys",8.63,8.93
Moonraker,1979,126.0,Lewis Gilbert,Action,Adventure,Sci-Fi,6.3,59.0,66.0,PG,0,1,"space marine, based on novel or book, venice, italy, mass murder, rio de janeiro, space suit, marcus square, space battle, secret base, gondola",8.63,8.93
GoldenEye,1995,130.0,Martin Campbell,Action,Adventure,Thriller,7.2,80.0,65.0,PG-13,0,2,"computer virus, cuba, falsely accused, secret intelligence service, secret identity, secret base, kgb, satellite, special car, cossack",8.63,8.93
No Time to Die,2021,163.0,Cary Joji Fukunaga,Action,Adventure,Thriller,7.3,83.0,68.0,PG-13,1,50,"based on novel or book, forgiveness, poison, spy, mi6, family, british secret service, parents, global threat, somber",8.63,8.92
Rock of Ages,2012,123.0,Adam Shankman,Comedy,Drama,Musical,5.9,43.0,47.0,PG-13,0,2,"coming out, love triangle, rock star, musical, moral conflict, record producer, based on play or musical, alcoholism, rocker, hollywood",8.63,8.93
Tin Cup,1996,135.0,Ron Shelton,Comedy,Drama,Romance,6.4,73.0,60.0,R,0,0,"love triangle, sports, golf, romantic rivalry, woman between two men, caddy, rivalry, psychologist, driving range, rebellious",8.63,8.93
Blow Out,1981,108.0,Brian De Palma,Crime,Drama,Mystery,7.4,88.0,86.0,R,0,0,"philadelphia, pennsylvania, hitman, presidential election, politics, audio tape, paranoia, faithlessness, yell, conspiracy, tape recorder",8.63,8.93
The Cincinnati Kid,1965,102.0,Norman Jewison,Drama,,,7.2,86.0,67.0,TV-14,0,1,"poker, gambling, new orleans, louisiana, metrocolor",8.62,8.92
Never Say Never Again,1983,134.0,Irvin Kershner,Action,Adventure,Thriller,6.1,71.0,68.0,PG,0,1,"video game, spy, bahamas, stealing, scuba diving, scuba, british secret service",8.62,8.91
Die Another Day,2002,133.0,Lee Tamahori,Action,Adventure,Thriller,6.1,56.0,56.0,PG-13,0,6,"post-traumatic stress disorder (ptsd), espionage, spy, demonstration, fencing, laser, satellite, iceland, sequel, hong kong",8.62,8.92
Overlord,2018,110.0,Julius Avery,Action,Horror,Sci-Fi,6.6,82.0,60.0,R,0,2,"france, nazi, village, world war ii, normandy, france, d-day, laboratory, explosion, behind enemy lines, paratrooper",8.62,8.92
Kingdom of Heaven,2005,144.0,Ridley Scott,Action,Adventure,Drama,7.3,39.0,63.0,R,0,5,"blacksmith, muslim, crusade, jerusalem, catapult, swordsman, battlefield, knight, religion, epic battle",8.62,8.92
The Great Escape,1963,172.0,John Sturges,Adventure,Drama,Thriller,8.2,94.0,86.0,Approved,0,3,"prison, uniform, swastika, prisoner, based on novel or book, nazi, escape, optimism, freedom, machinegun",8.62,8.92
Serpico,1973,130.0,Sidney Lumet,Biography,Crime,Drama,7.7,93.0,83.0,R,0,8,"new york city, corruption, hippie, police, biography, idealism, based on true story, idealist, money, undercover cop",8.62,8.91
The Man with the Iron Heart,2017,120.0,Cédric Jimenez,Action,Biography,Thriller,6.4,67.0,68.0,R,0,0,"assassination, based on novel or book, nazi, world war ii, operation anthropoid, czech history, assassination of reinhard heydrich (1942)",8.62,8.92
Fargo,1996,98.0,Joel Coen,Crime,Drama,Thriller,8.1,94.0,88.0,R,2,84,"salesclerk, unsociability, police, cheating, ransom, winter, kidnapping, minnesota, dark comedy, north dakota",8.62,8.92
War of the Worlds,2005,117.0,Steven Spielberg,Action,Adventure,Sci-Fi,6.6,76.0,73.0,PG-13,0,16,"daughter, new jersey, post-traumatic stress disorder (ptsd), airplane, based on novel or book, underground, dystopia, alien, survival, disaster",8.62,8.92
Awakenings,1990,121.0,Penny Marshall,Biography,Drama,,7.8,81.0,74.0,PG-13,0,6,"coma, experiment, based on novel or book, hope, miracle, based on true story, hospital, illness, woman director, comatose",8.62,8.92
Sleepers,1996,147.0,Barry Levinson,Crime,Drama,Thriller,7.5,73.0,49.0,R,0,1,"child abuse, sexual abuse, court case, court, repayment, sadistic, pastor, juvenile prison, juvenile delinquent, kids",8.62,8.92
Hoosiers,1986,114.0,David Anspaugh,Drama,Sport,,7.4,90.0,77.0,PG,0,3,"high school, indiana, usa, sports, parent child relationship, son, based on true story, basketball, coach, high school sports, hoosier",8.62,8.92
The Bad News Bears,1976,102.0,Michael Ritchie,Comedy,Drama,Family,7.3,97.0,84.0,PG,0,1,"underdog, california, sports, baseball, coach, alcoholic, baseball player, alcoholic father, little league, father daughter reunion",8.62,8.92
Tomorrow Never Dies,1997,119.0,Roger Spottiswoode,Action,Adventure,Thriller,6.5,58.0,52.0,PG-13,0,6,"media tycoon, navy, london, england, china, england, missile, spy, secret intelligence service, intelligence, manipulation of the media",8.61,8.9
Quantum of Solace,2008,106.0,Marc Forster,Action,Adventure,Mystery,6.5,63.0,58.0,PG-13,0,4,"undercover, spy, killing, secret agent, mi6, british secret service, intense, powerful, vibrant",8.61,8.9
Chasing Amy,1997,113.0,Kevin Smith,Comedy,Drama,Romance,7.2,86.0,71.0,R,0,5,"coming out, new jersey, love of one's life, bisexuality, menage a trois, comic book, comic-strip artist, best friend, lgbt, lesbian",8.61,8.9
Crazy Rich Asians,2018,120.0,Jon M. Chu,Comedy,Drama,Romance,6.9,91.0,74.0,PG-13,0,14,"based on novel or book, professor, singapore, wedding, east asian lead, wealthy family, asian american",8.61,8.91
Navy Seals,1990,113.0,Lewis Teague,Action,Adventure,Thriller,5.6,15.0,38.0,R,0,0,"navy, u.s. navy, u.s. navy seal, us military, aggressive",8.6,8.89
This Is England,2006,101.0,Shane Meadows,Crime,Drama,,7.7,93.0,86.0,Not Rated,0,14,"skinhead, england, vandalism, drugs, falklands war, xenophobia, 1980s",8.6,8.9
A Bronx Tale,1993,121.0,Robert De Niro,Crime,Drama,,7.8,97.0,80.0,R,0,1,"italian american, gambling, funeral, italian, parent child relationship, gangster, loyalty, molotow cocktail, gang leader, nostalgia",8.6,8.89
The Replacements,2000,118.0,Howard Deutch,Comedy,Sport,,6.6,41.0,30.0,PG-13,0,0,"strike, sports, american football, coach, misfit, nfl (national football league)",8.6,8.89
King Richard,2021,144.0,Reinaldo Marcus Green,Biography,Drama,Sport,7.5,90.0,76.0,PG-13,1,49,"sports, tennis, tennis player, father, based on true story, wimbledon, family, tennis pro, father daughter relationship, coaching",8.6,8.89
Once Upon a Time in the West,1968,166.0,Sergio Leone,Drama,Western,,8.5,96.0,82.0,PG-13,0,6,"small town, loss of loved one, harmonica, wedding party, spaghetti western, arizona territory, intercontintental railroad, outlaw gang, water pump, mysterious character",8.59,8.88
The Informant!,2009,108.0,Steven Soderbergh,Biography,Comedy,Crime,6.5,80.0,66.0,R,0,1,"fbi, lie, agriculture, informant, witness to murder, surveillance, corn, price-fixing, 1990s",8.59,8.88
School Ties,1992,106.0,Robert Mandel,Drama,,,6.9,60.0,65.0,PG-13,0,0,"scholarship, sports, massachusetts, coming of age, judaism, antisemitism, preparatory school, 1950s",8.59,8.89
Belfast,2021,98.0,Kenneth Branagh,Biography,Drama,,7.2,86.0,75.0,PG-13,1,63,"working class, black and white, belfast, north ireland, 1960s, the troubles (north ireland, 1966-98)",8.59,8.88
Ava,2020,96.0,Tate Taylor,Action,Crime,Drama,5.5,18.0,39.0,R,0,0,"assassin, secret organization, murder, female assassin, professional assassin, secret, thriller",8.59,8.89
The Last Duel,2021,152.0,Ridley Scott,Drama,History,Thriller,7.3,85.0,67.0,R,0,5,"based on novel or book, castle, male friendship, normandy, france, based on true story, trial, battlefield, knight, duel, battle",8.58,8.87
The Redeem Team,2022,97.0,Jon Weinbach,Documentary,History,Sport,7.4,93.0,76.0,TV-MA,0,1,"based on true story, basketball, sports documentary, basketball team, olympic sport, international competition, olympics",8.58,8.87
Creed III,2023,116.0,Michael B. Jordan,Action,Drama,Sport,6.7,89.0,73.0,PG-13,0,2,"husband wife relationship, philadelphia, pennsylvania, sports, deaf, sequel, orphan, former best friend, ex-con, childhood friends, juvenile detention center",8.58,8.87
Tropic Thunder,2008,107.0,Ben Stiller,Action,Comedy,War,7.1,82.0,71.0,R,0,10,"vietnam, movie business, satire, parody, jungle, movie star, southeast asia, land mine, shackles, taunting",8.58,8.87
He Got Game,1998,136.0,Spike Lee,Drama,Sport,,6.9,82.0,64.0,R,0,0,"prison, parent child relationship, forgiveness, homicide, release from prison, begnadigung, affectation, college, basketball, angry",8.58,8.87
The Boys in the Boat,2023,123.0,George Clooney,Biography,Drama,History,7.0,57.0,54.0,PG-13,0,3,"sports, olympic games, rowing, 1930s, dignified, hopeful, based on a true story",8.57,8.86
G.I. Jane,1997,125.0,Ridley Scott,Action,Drama,War,6.0,55.0,62.0,R,0,2,"gulf war, helicopter, middle east, libya, u.s. navy, sexism, naval officer, sexual harassment, feminist, u.s. navy seal",8.57,8.86
"McFarland, USA",2015,129.0,Niki Caro,Biography,Drama,Sport,7.4,80.0,60.0,PG,0,4,"small town, california, coach, championship, woman director, track and field",8.57,8.85
How to Make a Killing,2026,98.0,John Patton Ford,Comedy,Drama,Thriller,7.5,80.5,68.0,,0,0,"remake, inheritance, heir, disowned, revenge thriller, family fortune, black comedy",8.57,8.86
American History X,1998,119.0,Tony Kaye,Crime,Drama,,8.5,84.0,62.0,R,0,4,"prison, neo-nazism, rape, skinhead, sibling relationship, swastika, nazi, brother, fascism, tragedy",8.57,8.86
The Ministry of Ungentlemanly Warfare,2024,122.0,Guy Ritchie,Action,Comedy,War,6.8,68.0,55.0,R,0,1,"army, operation, based on novel or book, spy, world war ii, based on true story, soldier, special forces, military, black ops",8.56,8.85
The Machinist,2004,101.0,Brad Anderson,Drama,Thriller,,7.6,77.0,61.0,R,0,7,"factory, insomnia, post it, machinist, osha, taunting, manhole, one armed man, torment, mother's day",8.56,8.85
"The Good, the Bad and the Ugly",1966,178.0,Sergio Leone,Adventure,Drama,Western,8.8,97.0,90.0,R,0,2,"gold, army, bounty hunter, hitman, refugee, anti hero, moral ambiguity, gallows, outlaw, gun battle",8.56,8.84
Coach Carter,2005,136.0,Thomas Carter,Biography,Drama,Sport,7.4,63.0,57.0,PG-13,0,3,"high school, scholarship, sports, violence in schools, authoritarian education, based on true story, basketball, teacher, teachers and students",8.56,8.84
Silence,2016,161.0,Martin Scorsese,Drama,History,,7.2,83.0,79.0,R,0,8,"japan, based on novel or book, christianity, missionary, remake, betrayal, torture, martyrdom, crisis of faith, portuguese",8.56,8.85
Bad Santa,2003,92.0,Terry Zwigoff,Comedy,Crime,Drama,7.0,78.0,70.0,R,0,1,"elves, holiday, department store, christmas party, safe, drink, little people, christmas, hilarious, xmas",8.56,8.85
The Northman,2022,137.0,Robert Eggers,Action,Adventure,Drama,7.0,90.0,82.0,R,0,5,"father murder, sword, prince, gore, vikings (norsemen), iceland, death of father, northern ireland, sword fight, revenge",8.56,8.85
The Italian Job,1969,99.0,Peter Collinson,Action,Comedy,Crime,7.2,82.0,70.0,G,0,0,"prison, gold, robbery, prisoner, england, chase, bus, master thief, traffic jam, thief",8.55,8.83
Cheaper by the Dozen,2003,98.0,Shawn Levy,Comedy,Family,,5.9,25.0,46.0,PG,0,2,"chicago, illinois, husband wife relationship, based on novel or book, american football coach, big family, family relationships, remake, sibling, new job, aspiring actor",8.55,8.84
The Matrix,1999,136.0,Lana Wachowski,Action,Sci-Fi,,8.7,83.0,73.0,R,4,42,"man vs machine, martial arts, kung fu, dreams, artificial intelligence (a.i.), saving the world, hacker, self sacrifice, virtual reality, fight",8.54,8.83
The World Is Not Enough,1999,128.0,Michael Apted,Action,Adventure,Thriller,6.4,51.0,57.0,PG-13,0,7,"mission, oil, mi6, heiress, bilbao, spain, british secret service",8.54,8.82
Need for Speed,2014,132.0,Scott Waugh,Action,Crime,Drama,6.4,23.0,39.0,PG-13,0,1,"competition, street race, money, super speed, based on video game, driver, duringcreditsstinger, grand",8.54,8.82
Klaus,2019,96.0,Sergio Pablos,Animation,Adventure,Comedy,8.2,95.0,65.0,PG,0,12,"friendship, small town, island, holiday, santa claus, cartoon, letter, postman, reindeer, toy maker",8.54,8.82
Friends with Benefits,2011,109.0,Will Gluck,Comedy,Romance,,6.5,69.0,63.0,R,0,1,"new york city, friendship, job interview, dementia, alzheimer's disease, love, friends, break-up, lust, beach house",8.54,8.82
Bullet Train,2022,127.0,David Leitch,Action,Comedy,Thriller,7.3,52.0,49.0,R,0,2,"mission, japan, assassin, based on novel or book, briefcase, train, luck, runaway train, deadly snake, duringcreditsstinger",8.54,8.82
Spaceballs,1987,96.0,Mel Brooks,Adventure,Comedy,Sci-Fi,7.1,52.0,46.0,PG,0,1,"galaxy, android, space marine, laser gun, temple, swordplay, space battle, space travel, space mission, satire",8.54,8.83
Wolfs,2024,108.0,Jon Watts,Comedy,Crime,Thriller,6.5,66.0,60.0,R,0,1,"hotel room, dark comedy, lone wolf, drugs, buddy comedy, duringcreditsstinger, fixer, drug kingpin",8.53,8.81
Cinderella Man,2005,144.0,Ron Howard,Biography,Drama,Romance,8.0,80.0,69.0,PG-13,0,16,"daughter, transporter, sports, world cup, irish-american, socially deprived family, boxer, family's daily life, netherlands, comeback",8.53,8.81
Ocean's Eight,2018,110.0,Gary Ross,Action,Comedy,Crime,6.3,69.0,61.0,PG-13,0,3,"new york city, heist, spin off, estranged sister, the met gala, amused, cliché",8.53,8.82
Oblivion,2013,124.0,Joseph Kosinski,Action,Adventure,Sci-Fi,7.0,53.0,54.0,PG-13,0,1,"spacecraft, dystopia, post-apocalyptic future, based on comic, space, drone, surveillance, human vs alien, 2070s",8.53,8.81
Let's Be Cops,2014,104.0,Luke Greenfield,Action,Comedy,Crime,6.4,18.0,30.0,R,0,0,"robbery, corruption, police, kidnapping, nightclub, investigation, affectation, male friendship, flashback, murder",8.52,8.8
Scent of a Woman,1992,156.0,Martin Brest,Drama,,,8.0,82.0,57.0,R,1,6,"vietnam veteran, new york city, blindness and impaired vision, scholarship, boarding school, tango, thanksgiving, limousine, new hampshire, colonel",8.51,8.79
American Gangster,2007,157.0,Ridley Scott,Biography,Crime,Drama,7.8,81.0,76.0,R,0,12,"new york city, vietnam, drug smuggling, society, gangster, drug trafficking, heroin, junkie, ghetto, nightclub",8.51,8.79
From Dusk Till Dawn,1996,108.0,Robert Rodriguez,Action,Crime,Horror,7.2,66.0,48.0,R,0,7,"dancing, showdown, sheriff, sibling relationship, vampire, bank robber, holy water, siege, stripper, priest",8.51,8.79
The Peanut Butter Falcon,2019,97.0,Tyler Nilson,Adventure,Comedy,Drama,7.6,95.0,70.0,PG-13,0,21,"escape, runaway, wrestling, down syndrome, on the run, wrestling coach, raft, nursing home, disability, dream come true",8.5,8.78
Monty Python and the Holy Grail,1975,91.0,Terry Gilliam,Adventure,Comedy,Fantasy,8.2,92.0,91.0,PG,0,2,"holy grail, swordplay, england, monk, wedding reception, scotland yard, animal attack, camelot, round table, chapter",8.5,8.77
Supercop,1992,91.0,Stanley Tong,Action,Comedy,Crime,7.0,93.0,68.0,R,0,2,"martial arts, china, police, thailand, prison escape, malaysia, hong kong, female martial artist, illegal drugs, stunt master",8.5,8.77
Night at the Museum,2006,108.0,Shawn Levy,Adventure,Comedy,Family,6.5,42.0,48.0,PG,0,2,"night shift, skeleton, chaos, maya civilization, museum, genghis khan, natural history, dinosaur, based on children's book, magical object",8.5,8.78
Doctor Dolittle,1998,85.0,Betty Thomas,Comedy,Family,Fantasy,5.4,44.0,46.0,PG-13,0,4,"based on novel or book, tiger, san francisco, california, veterinarian, monkey, dog, talking to animals, woman director, father son relationship, father daughter relationship",8.5,8.78
Weekend at Bernie's,1989,97.0,Ted Kotcheff,Adventure,Comedy,Crime,6.4,52.0,32.0,PG-13,0,0,"beach, boss, bad boss, mission of murder, house, male corpse, mischievous, hilarious, bewildered",8.5,8.78
The Great Wall,2016,103.0,Yimou Zhang,Action,Adventure,Fantasy,5.9,35.0,42.0,PG-13,0,3,"monster, china, archer, female soldier, historical fiction, explosion, period drama, british soldier, great wall of china, 15th century",8.49,8.76
Warfare,2025,95.0,Alex Garland,Action,Drama,War,7.2,92.0,78.0,R,0,5,"u.s. navy seal, docudrama, iraq war, platoon, real time, 2000s, pathetic",8.49,8.76
Vanilla Sky,2001,136.0,Cameron Crowe,Fantasy,Mystery,Romance,6.9,41.0,45.0,R,0,5,"regret, jealousy, amnesia, dreams, love of one's life, nightmare, love triangle, virtual reality, ex-girlfriend, surreal",8.49,8.76
The Bucket List,2007,97.0,Rob Reiner,Adventure,Comedy,Drama,7.3,40.0,42.0,PG-13,0,3,"dying and death, friendship, husband wife relationship, himalaya mountain range, parent child relationship, brain tumor, africa, journey around the world, sense of life, safari",8.49,8.76
The Deer Hunter,1978,183.0,Michael Cimino,Drama,War,,8.1,86.0,90.0,R,5,24,"vietnam war, vietnam veteran, small town, suicide, vietnam, post-traumatic stress disorder (ptsd), escape, pennsylvania, usa, saigon, friends",8.49,8.76
Blow,2001,124.0,Ted Demme,Biography,Crime,Drama,7.5,56.0,52.0,R,0,3,"drug smuggling, war on drugs, drug trafficking, 1970s, drug addiction, rise and fall, cautionary, factual, dramatic, suspenseful",8.48,8.75
The Long Game,2023,112.0,Julio Quintana,Drama,History,Sport,6.7,82.0,65.0,PG,0,4,"texas, golf, based on true story, mexican american, 1950s, latino, inspirational",8.48,8.76
Jimmy Hollywood,1994,112.0,Barry Levinson,Comedy,Crime,Drama,5.3,29.0,68.0,R,0,0,,8.48,8.75
Chef,2014,114.0,Jon Favreau,Adventure,Comedy,Drama,7.3,87.0,68.0,R,0,2,"parent child relationship, affectation, restaurant owner, road trip, food, chef, ex-husband ex-wife relationship, semi autobiographical, twitter, social media",8.48,8.75
Eternal Sunshine of the Spotless Mind,2004,108.0,Michel Gondry,Drama,Romance,Sci-Fi,8.3,93.0,89.0,R,1,73,"new york city, regret, jealousy, deja vu, amnesia, dreams, operation, relationship problems, love, memory",8.48,8.75
The Tank,2025,116.0,Dennis Gansel,Action,Drama,Thriller,6.5,80.5,68.0,R,0,0,"world war ii, tank, anti war, 1940s, eastern front, meth, segunda guerra mundial",8.47,8.73
The Dark Knight Rises,2012,164.0,Christopher Nolan,Action,Crime,Drama,8.4,87.0,78.0,PG-13,0,45,"airplane, fight, burglar, hostage, secret identity, crime fighter, superhero, villainess, time bomb, based on comic",8.47,8.74
Vertigo,1958,128.0,Alfred Hitchcock,Mystery,Romance,Thriller,8.2,93.0,100.0,PG,0,9,"plan, love of one's life, sense of guilt, san francisco, california, suicide attempt, obsession, bachelor, detective, necklace, vertigo",8.47,8.74
Divergent,2014,139.0,Neil Burger,Action,Adventure,Drama,6.6,41.0,48.0,PG-13,0,7,"mind control, future, based on novel or book, dystopia, injection, futuristic, transhumanism, individuality, alternative reality, caste system",8.47,8.75
The Monuments Men,2014,118.0,George Clooney,Biography,Comedy,Drama,6.1,30.0,52.0,PG-13,0,3,"nazi, world war ii, based on true story, art theft, post world war ii",8.47,8.74
Yes Man,2008,104.0,Peyton Reed,Comedy,Romance,,6.8,44.0,46.0,PG-13,0,3,"california, bungee-jump, falling in love, ex-wife, hollywood bowl, excuse, burlesque, opposites attract, loan officer, scooter",8.46,8.73
The Pursuit of Happyness,2006,117.0,Gabriele Muccino,Biography,Drama,,8.0,67.0,64.0,PG-13,0,12,"work, worker, homeless person, single parent, san francisco, california, bus, homelessness, church service, bad luck, biography",8.46,8.73
Mercy,2026,100.0,Timur Bekmambetov,Action,Crime,Drama,5.8,80.5,68.0,,0,0,"race against time, artificial intelligence (a.i.), los angeles, california, false accusations, innocent suspect, criminal justice system, near future, screenlife, crime",8.46,8.72
Nuremberg,2025,148.0,James Vanderbilt,Biography,Drama,History,7.4,72.0,61.0,PG-13,0,4,"based on novel or book, nuremberg trials, based on true story, nuremberg, germany, post world war ii, historical drama, 1940s, hermann göring",8.45,8.72
Half Baked,1998,82.0,Tamra Davis,Comedy,Crime,,6.6,28.0,16.0,R,0,0,"drug dealer, smoking, roommates, male friendship, slacker, pot smoking, jail, marijuana, drugs, stoner",8.44,8.7
The Conversation,1974,113.0,Francis Ford Coppola,Drama,Mystery,Thriller,7.7,94.0,88.0,PG,0,14,"shadowing, san francisco, california, technology, spy, audio tape, paranoia, wiretap, saxophone, conspiracy, tragic event",8.43,8.7
Casablanca,1942,102.0,Michael Curtiz,Drama,Romance,War,8.5,99.0,100.0,PG,3,18,"corruption, nazi, escape, love triangle, resistance, spy, patriotism, casablanca, morocco, vichy regime, visa",8.43,8.69
Shooting Stars,2023,116.0,Chris Robinson,Drama,Sport,,6.5,54.0,62.0,PG-13,0,4,"sports, basketball, high school sports, basketball player, 1990s, star",8.43,8.69
Mulholland Drive,2001,147.0,David Lynch,Drama,Mystery,Thriller,7.9,84.0,87.0,R,0,50,"amnesia, loss of sense of reality, schizophrenia, nightmare, hitman, suppressed past, identity, key, detective, job interview",8.43,8.69
Dogma,1999,130.0,Kevin Smith,Adventure,Comedy,Drama,7.3,72.0,62.0,R,0,0,"angel, wisconsin, dark comedy, satire, church service, religion, church, aftercreditsstinger, duringcreditsstinger",8.43,8.69
The Hunger Games,2012,142.0,Gary Ross,Action,Adventure,Sci-Fi,7.2,84.0,68.0,PG-13,0,34,"based on novel or book, revolution, dystopia, monarchy, female protagonist, fashion, bow and arrow, game, hunting, archery",8.42,8.68
Failure to Launch,2006,97.0,Tom Dey,Comedy,Romance,,5.7,23.0,47.0,PG-13,0,0,"sailboat, sports car, parent child relationship, extreme sports, sailing, romcom, young boy, dating, intervention, lying",8.42,8.68
Blood Diamond,2006,143.0,Edward Zwick,Adventure,Drama,Thriller,8.0,64.0,64.0,R,0,8,"bootlegger, journalist, smuggling (contraband), loss of loved one, africa, rwandan genocide, rebel, journalism, slavery, fisherman",8.42,8.69
Wet Hot American Summer,2001,97.0,David Wain,Comedy,Romance,,6.5,39.0,42.0,R,0,0,"adolescence, summer camp",8.42,8.68
Magnolia,1999,188.0,Paul Thomas Anderson,Drama,,,8.0,82.0,78.0,R,0,28,"dying and death, daughter, farewell, regret, unsociability, chance, becoming an adult, parent child relationship, suicide attempt, loss of loved one",8.42,8.68
Ronin,1998,122.0,John Frankenheimer,Action,Crime,Thriller,7.2,69.0,67.0,R,0,1,"france, paris, france, arms deal, mercenary, suitcase, heist, shootout, impostor, ira (irish republican army), cafe",8.42,8.68
Born on the Fourth of July,1989,145.0,Oliver Stone,Biography,Drama,War,7.2,84.0,75.0,R,2,15,"vietnam war, vietnam veteran, post-traumatic stress disorder (ptsd), 1970s, wheelchair, biography, based on true story, based on memoir or autobiography, desert, fourth of july",8.42,8.68
American Underdog,2021,112.0,Andrew Erwin,Biography,Drama,Romance,7.1,75.0,53.0,PG,0,0,"american football, biography, based on true story, los angeles, california, aftercreditsstinger, nfl (national football league)",8.41,8.67
The Odyssey,2026,120.0,Christopher Nolan,Action,Adventure,Fantasy,7.5,80.5,68.0,,0,0,"greek, based on song, poem or rhyme, peplum, ancient, epic poem, mythical",8.41,8.67
All the Right Moves,1983,91.0,Michael Chapman,Drama,Romance,Sport,6.0,61.0,62.0,R,0,0,"high school, friendship, sports, american football, classroom, cheerleader, college, saxophone, ambition, affection",8.41,8.68
Apollo 13,1995,140.0,Ron Howard,Adventure,Drama,History,7.7,94.0,78.0,PG,2,31,"rescue, florida, race against time, moon, nasa, spaceman, based on true story, houston, texas, survival, space",8.4,8.65
The Parent Trap,1998,128.0,Nancy Meyers,Adventure,Comedy,Drama,6.7,87.0,63.0,PG,0,2,"california, summer camp, twin sister, remake, matchmaking, family reunion, wedding dress, gold digger, twins separated at birth, identity swap",8.4,8.66
Mad Max: Fury Road,2015,120.0,George Miller,Action,Adventure,Sci-Fi,8.1,97.0,90.0,R,6,245,"rescue, future, australia, chase, dystopia, post-apocalyptic future, survival, on the run, on the road, desert",8.4,8.66
American Pie,1999,95.0,Paul Weitz,Comedy,,,7.0,62.0,58.0,R,0,9,"innocence, graduation, loss of virginity, coming of age, high school student, pie, teen comedy, teenage sexuality, exchange student, sex comedy",8.4,8.66
The Game,1997,129.0,David Fincher,Drama,Mystery,Thriller,7.7,77.0,63.0,R,0,0,"san francisco, california, manipulation, danger of life, puzzle, birthday present",8.39,8.65
How to Lose a Guy in 10 Days,2003,116.0,Donald Petrie,Comedy,Romance,,6.5,42.0,45.0,PG-13,0,1,"bet, new york city, journalist, therapist, advertising expert, romcom, basketball, relationship, advice columnist, group of friends",8.38,8.63
Long Shot,2019,125.0,Jonathan Levine,Comedy,Romance,,6.8,82.0,67.0,R,0,5,"journalist, usa president, strong woman, tattoo, politics, babysitter, ejaculation, class differences, drugs, political campaign",8.37,8.62
Rudy,1993,114.0,David Anspaugh,Biography,Drama,Sport,7.5,80.0,71.0,PG,0,2,"underdog, sports, american football, biography, based on true story, family relationships, aspiration",8.37,8.63
The Accountant 2,2025,132.0,Gavin O'Connor,Action,Crime,Drama,6.6,75.0,58.0,R,0,1,"hitman, autism, sequel, conspiracy, whodunit, insecure, mysterious death, brother brother relationship, grand, incredulous",8.37,8.63
The Hunger Games: Mockingjay - Part 1,2014,123.0,Francis Lawrence,Action,Adventure,Sci-Fi,6.6,70.0,64.0,PG-13,0,21,"based on novel or book, resistance, dystopia, post-apocalyptic future, sequel, female protagonist, bow and arrow, game, future war, revolt",8.37,8.62
Mission: Impossible - The Final Reckoning,2025,169.0,Christopher McQuarrie,Action,Adventure,Thriller,7.2,80.0,67.0,PG-13,0,24,"mask, artificial intelligence (a.i.), diving, submarine, espionage, spy, nuclear missile, fake identity, secret agent, stunt",8.36,8.61
Office Christmas Party,2016,105.0,Josh Gordon,Comedy,,,5.9,41.0,42.0,R,0,1,"chicago, illinois, holiday, christmas party, co-workers relationship, corporate downsizing, duringcreditsstinger, wild party, business deal, christmas, frantic",8.36,8.61
17 Again,2009,102.0,Burr Steers,Comedy,Drama,Fantasy,6.4,57.0,48.0,PG-13,0,3,"high school, affectation, time travel, fake identity, bullying, high school sports, adult as a child, do over, age change, lighthearted",8.36,8.61
The Hunger Games: Mockingjay - Part 2,2015,137.0,Francis Lawrence,Action,Adventure,Sci-Fi,6.6,70.0,65.0,PG-13,0,15,"strong woman, based on novel or book, revolution, dystopia, death match, aggressive, based on young adult novel, romantic, ambiguous, compassionate",8.35,8.6
The Hunger Games: Catching Fire,2013,146.0,Francis Lawrence,Action,Adventure,Sci-Fi,7.5,90.0,76.0,PG-13,0,22,"rebellion, based on novel or book, propaganda, dystopia, uprising, sequel, president, survival, murder, conspiracy",8.35,8.6
Bridge of Spies,2015,142.0,Steven Spielberg,Drama,History,Thriller,7.6,91.0,81.0,PG-13,1,30,"central intelligence agency (cia), spy, cold war, soviet union, pilot, based on true story, lawyer, american, courtroom, russian spy",8.35,8.6
White Chicks,2004,109.0,Keenen Ivory Wayans,Comedy,Crime,,5.9,15.0,41.0,PG-13,0,3,"undercover, kidnapping, fbi, auction, nightclub, sleepover, cross dressing, car accident, shopping, news reporter",8.35,8.59
Citizen Kane,1941,119.0,Orson Welles,Drama,Mystery,,8.2,99.0,100.0,PG,1,16,"media tycoon, florida, art collector, newspaper, capitalist, journalist, sleigh, banker, american dream, failure",8.34,8.59
Tears of the Sun,2003,121.0,Antoine Fuqua,Action,Drama,Thriller,6.6,34.0,48.0,R,0,0,"civil war, war crimes, refugee, village, evacuation, border, rescue mission, us army, nigeria, president",8.34,8.59
The Terminal,2004,128.0,Steven Spielberg,Comedy,Drama,Romance,7.4,61.0,55.0,PG-13,0,7,"new york city, friendship, marriage proposal, airport, stewardess, translation, illegal immigration, language barrier, immigration law, craftsman",8.33,8.57
The Mosquito Bowl,2026,120.0,Peter Berg,Drama,History,War,7.5,80.5,68.0,,0,0,"based on novel or book, american football, world war ii, pearl harbor, marine corps, based on true story, okinawa, historical drama, 1940s, college american football",8.32,8.57
The Hunger Games: The Ballad of Songbirds & Snakes,2023,157.0,Francis Lawrence,Action,Adventure,Drama,6.6,64.0,54.0,PG-13,0,7,"daughter, based on novel or book, arena, fight, mentor, dystopia, riot, exploration, president, prequel",8.32,8.56
The Break-Up,2006,106.0,Peyton Reed,Comedy,Drama,Romance,5.8,34.0,46.0,PG-13,0,3,"chicago, illinois, new love, break-up, argument, ex-boyfriend ex-girlfriend relationship, condominium",8.31,8.55
Field of Dreams,1989,107.0,Phil Alden Robinson,Drama,Family,Fantasy,7.5,88.0,57.0,PG,0,9,"farm, regret, based on novel or book, sports, baseball, iowa, miracle, road trip, author, doctor",8.3,8.54
Daddy's Home 2,2017,100.0,Sean Anders,Comedy,,,6.0,21.0,30.0,PG-13,0,1,"holiday, sequel, christmas, father son relationship, amused, cheerful, holiday get-together, step parents",8.3,8.54
Triple Frontier,2019,125.0,J.C. Chandor,Action,Adventure,Thriller,6.5,71.0,61.0,R,0,0,"peru, cocaine, amazon rainforest, survival, drug cartel, drug lord, andes mountains, ex special forces, treasure heist",8.28,8.52
About My Father,2023,90.0,Laura Terruso,Comedy,,,5.8,37.0,39.0,PG-13,0,0,"chicago, illinois, culture clash, artist, military veteran, boyfriend girlfriend relationship, semi autobiographical, u.s. senator, country club, woman director, eccentric family",8.28,8.52
American Psycho,2000,102.0,Mary Harron,Comedy,Crime,Drama,7.6,68.0,64.0,R,0,7,"new york city, based on novel or book, businessman, psychopath, dark comedy, satire, wall street, serial killer, chainsaw, big city",8.28,8.52
Lucky You,2007,124.0,Curtis Hanson,Drama,Romance,Sport,5.9,28.0,49.0,PG-13,0,0,"poker, sports, gambling, las vegas",8.24,8.47
The Notebook,2004,123.0,Nick Cassavetes,Drama,Romance,,7.8,54.0,53.0,PG-13,0,12,"secret love, soulmates, based on novel or book, love of one's life, fight, poem, river, sadness, class, dementia",8.24,8.47
Parasite,2019,132.0,Bong Joon Ho,Drama,Thriller,,8.5,99.0,97.0,R,4,309,"dark comedy, private lessons, birthday party, con artist, working class, infiltration, psychological thriller, class differences, housekeeper, tutor",8.24,8.47
American Hustle,2013,138.0,David O. Russell,Crime,Drama,,7.2,92.0,90.0,R,0,70,"new jersey, 1970s, fbi, mayor, con artist, mobster, scam, mafia, hair, century",8.24,8.47
Youngblood,1986,110.0,Peter Markle,Drama,Romance,Sport,6.2,44.0,51.0,R,0,1,"sports, ice hockey, coach, beating, hazing, locker room",8.23,8.46
American Made,2017,115.0,Doug Liman,Action,Comedy,Crime,7.1,85.0,65.0,R,0,0,"central intelligence agency (cia), drug smuggling, money laundering, pilot, based on true story, drug cartel, illegal drugs, dea agent, 1980s, pablo escobar",8.23,8.46
Saving Mr. Banks,2013,125.0,John Lee Hancock,Biography,Comedy,Drama,7.5,79.0,65.0,PG-13,0,13,"biography, based on true story, alcoholism, author, writer, disneyland, 1960s, film production, queensland, australia, death of a father",8.21,8.44
42,2013,128.0,Brian Helgeland,Biography,Drama,Sport,7.5,80.0,62.0,PG-13,0,3,"sports, baseball, biography, racial segregation, based on true story, racial tension, racial prejudice, brooklyn dodgers, 1940s",8.2,8.42
Everybody's Fine,2009,99.0,Kirk Jones,Adventure,Drama,,7.1,47.0,47.0,PG-13,0,1,"family relationships, doctor, retired, visit, widower, duringcreditsstinger, heart trouble",8.2,8.42
Old,2021,108.0,M. Night Shyamalan,Drama,Mystery,Thriller,5.8,50.0,55.0,PG-13,0,1,"beach, husband wife relationship, schizophrenia, escape, time warp, rapper, coral reef, deception, time, aging",8.18,8.4
Meet the Fockers,2004,115.0,Jay Roach,Comedy,Romance,,6.4,38.0,41.0,PG-13,0,2,"florida, central intelligence agency (cia), nurse, parent child relationship, anti-authoritarian upbringing, parents-in-law, orderly, just married, sex therapy, bad father-in-law",8.18,8.4
Million Dollar Baby,2004,132.0,Clint Eastwood,Drama,Sport,,8.1,90.0,86.0,PG-13,4,68,"dying and death, transporter, strong woman, stroke of fate, advancement, sports, fight, suicide attempt, boxer, training",8.18,8.4
"Crazy, Stupid, Love.",2011,118.0,Glenn Ficarra,Comedy,Drama,Romance,7.4,79.0,68.0,PG-13,0,5,"friendship, soulmates, marriage crisis, midlife crisis, babysitter, womanizer, law school, los angeles, california, middle school, relationship",8.15,8.36
The Devil's Advocate,1997,144.0,Taylor Hackford,Drama,Fantasy,Mystery,7.5,65.0,60.0,R,0,2,"child abuse, southern usa, marriage crisis, obsession, bible, seduction, hallucination, devil's son, ambition, pact with the devil",8.15,8.36
Meet the Parents,2000,108.0,Jay Roach,Comedy,Romance,,7.0,85.0,73.0,PG-13,0,7,"daughter, central intelligence agency (cia), airplane, airport, nurse, cat, orderly, father-in-law, epistaxis, lost baggage",8.12,8.33
Evan Almighty,2007,96.0,Tom Shadyac,Comedy,Family,Fantasy,5.4,24.0,37.0,PG,0,2,"rescue, parent child relationship, faith, married couple, support, marriage, father, god, spin off, animals",8.12,8.33
Three Kings,1999,114.0,David O. Russell,Action,Adventure,Comedy,7.1,94.0,82.0,R,0,8,"rescue, gold, gulf war, three kings, iraq, treasure map, kuwait, interracial relationship, soldier, u.s. soldier",8.11,8.31
Gone Baby Gone,2007,114.0,Ben Affleck,Crime,Drama,Mystery,7.6,94.0,72.0,R,0,33,"robbery, corruption, based on novel or book, police, kidnapping, boston, massachusetts, blackmail, detective, drug addiction, murder",8.11,8.32
22 Jump Street,2014,112.0,Phil Lord,Action,Comedy,Crime,7.0,84.0,71.0,R,0,7,"drug dealer, sarcasm, college, male friendship, sequel, undercover cop, burlesque, buddy cop, buddy comedy, aftercreditsstinger",8.06,8.26
Ready Player One,2018,140.0,Steven Spielberg,Action,Adventure,Sci-Fi,7.4,71.0,64.0,PG-13,0,11,"future, based on novel or book, video game, virtual reality, dystopia, nostalgia, love, film in film, evil corporation, quest",8.06,8.26
Blade Runner 2049,2017,164.0,Denis Villeneuve,Action,Drama,Mystery,8.0,88.0,81.0,R,2,100,"future, android, bounty hunter, artificial intelligence (a.i.), genetics, dystopia, sequel, cyberpunk, los angeles, california, las vegas",8.04,8.24
Marvin's Room,1996,98.0,Jerry Zaks,Drama,,,6.7,83.0,67.0,PG-13,0,4,"florida, sibling relationship, based on play or musical, sister, leukemia, reunion, cancer, bone marrow transplant, estranged sister",8.01,8.2
Get Smart,2008,110.0,Peter Segal,Action,Adventure,Comedy,6.5,51.0,54.0,PG-13,0,3,"dancing, mission, usa president, washington dc, usa, airplane, undercover agent, spy, sarcasm, bakery, los angeles, california",8.0,8.19
Ocean's Thirteen,2007,122.0,Steven Soderbergh,Crime,Thriller,,6.9,70.0,62.0,PG-13,0,1,"casino, heart attack, con man, master thief, hidden camera, sequel, revenge, las vegas, double cross, diamond heist",7.99,8.18
Wild Hogs,2007,100.0,Walt Becker,Action,Adventure,Comedy,5.9,14.0,27.0,PG-13,0,1,"small town, midlife crisis, road trip, slapstick comedy, politically incorrect, motorcycle, motorcycle gang, lgbt, road movie, awkwardness",7.99,8.17
Locke,2013,85.0,Steven Knight,Drama,,,7.1,91.0,83.0,R,0,7,"infidelity, london, england, husband wife relationship, england, pregnancy, road trip, construction site, one night, driving",7.97,8.15
Ace Ventura: Pet Detective,1994,86.0,Tom Shadyac,Comedy,,,6.9,47.0,37.0,PG-13,0,5,"miami, florida, dolphin, detective, human animal relationship, stupidity, mascot, slapstick comedy, animals, private detective, pets",7.97,8.15
Black Mass,2015,123.0,Scott Cooper,Biography,Crime,Drama,6.8,74.0,68.0,R,0,6,"prostitute, corruption, boston, massachusetts, gangster, fbi, senator, based on true story, irish mob, beaten to death, pay phone",7.92,8.09
Everything Everywhere All at Once,2022,139.0,Daniel Kwan,Action,Adventure,Comedy,7.7,93.0,81.0,R,7,397,"mother, martial arts, kung fu, nihilism, philosophy, generations conflict, chinese woman, surrealism, laundromat, chinese",7.9,8.07
12 Years a Slave,2013,134.0,Steve McQueen,Biography,Drama,History,8.1,95.0,96.0,R,3,244,"slavery, plantation, based on memoir or autobiography, violin player, physical abuse, black slave, usa history, slave owner, 19th century, sold into slavery",7.89,8.06
Dune: Part Two,2024,166.0,Denis Villeneuve,Action,Adventure,Drama,8.4,92.0,79.0,PG-13,2,121,"based on novel or book, sandstorm, chosen one, romance, tragedy, distant future, tragic hero, creature, planet, desert",7.88,8.05
Monkey Man,2024,121.0,Dev Patel,Action,Crime,Thriller,6.8,89.0,70.0,R,0,11,"indian, revenge thriller, action thriller, night club",7.88,8.04
Arrival,2016,116.0,Denis Villeneuve,Drama,Mystery,Sci-Fi,7.9,94.0,81.0,PG-13,1,71,"spacecraft, extraterrestrial technology, loss, time, alien, language, female protagonist, scientist, heartbreak, based on short story",7.87,8.03
The Nice Guys,2016,116.0,Shane Black,Action,Comedy,Crime,7.4,91.0,70.0,R,0,9,"daughter, pornography, detective, 1970s, investigation, alcoholism, private investigator, conspiracy, whodunit, alcoholic",7.85,8.01
What About Bob?,1991,99.0,Frank Oz,Comedy,,,7.0,82.0,60.0,PG,0,2,"idiot, neurosis, new hampshire, psychiatrist, family holiday",7.84,8.0
A Beautiful Mind,2001,135.0,Ron Howard,Biography,Drama,Mystery,8.2,74.0,72.0,PG-13,4,37,"schizophrenia, based on novel or book, love of one's life, self-discovery, professor, paranoia, mathematics, massachusetts, mathematician, economic theory",7.81,7.96
John Wick: Chapter 4,2023,169.0,Chad Stahelski,Action,Crime,Thriller,7.6,94.0,78.0,R,0,38,"new york city, martial arts, berlin, germany, hitman, sequel, organized crime, osaka, japan, blindness, aftercreditsstinger, hunted",7.8,7.95
Starsky & Hutch,2004,101.0,Todd Phillips,Comedy,Crime,,6.1,63.0,55.0,PG-13,0,3,"california, undercover, drug trafficking, 1970s, cocaine, cop, informant, disco, buddy cop, jumping from a rooftop",7.8,7.95
Men in Black³,2012,106.0,Barry Sonnenfeld,Action,Adventure,Comedy,6.8,67.0,58.0,PG-13,0,2,"time travel, time machine, based on comic, alien, buddy cop, fictional government agency, seeing the future, changing history",7.79,7.94
Spectre,2015,148.0,Sam Mendes,Action,Adventure,Thriller,6.8,63.0,60.0,PG-13,1,8,"based on novel or book, spy, secret agent, sequel, mi6, british secret service, united kingdom",7.78,7.93
Radio,2003,109.0,Michael Tollin,Biography,Drama,Sport,6.9,34.0,38.0,PG,0,3,"mentally disabled, high school, friendship, sports, american football, 1970s, american football coach, biography, based on true story, inspiration",7.74,7.88
Insomnia,2002,118.0,Christopher Nolan,Drama,Mystery,Thriller,7.2,92.0,78.0,R,0,1,"hotel, small town, homicide, confession, blackmail, detective, fbi, investigation, hallucination, insomnia",7.71,7.85
"I Love You, Man",2009,105.0,John Hamburg,Comedy,Romance,,7.0,82.0,70.0,R,0,1,"marriage, male friendship, wedding, guitar player, rock band, real estate agent, fiancé fiancée relationship, male bonding, duringcreditsstinger, best man",7.7,7.84
Risky Business,1983,99.0,Paul Brickman,Comedy,Crime,Drama,6.8,93.0,75.0,R,0,0,"chicago, illinois, high school, brothel, coming of age, prostitution, playful",7.63,7.75
Demolition,2015,101.0,Jean-Marc Vallée,Comedy,Drama,,7.0,53.0,49.0,R,0,1,"infidelity, new york city, loss of loved one, pregnancy, dark comedy, carousel , father-in-law, car crash, pot smoking, grieving widower",7.63,7.76
La La Land,2016,128.0,Damien Chazelle,Comedy,Drama,Music,8.0,91.0,94.0,PG-13,6,242,"dancing, dance, jazz, musical, ambition, casting, coffee shop, jazz club, traffic jam, hollywood",7.6,7.72
Behind Enemy Lines,2001,106.0,John Moore,Action,Drama,Thriller,6.4,36.0,49.0,PG-13,0,1,"sniper, war crimes, bosnia and herzegovina, rescue mission, u.s. navy, based on true story, north atlantic treaty organization (nato), naval officer, bosnian war (1992-95), serbian",7.56,7.67
National Treasure,2004,131.0,Jon Turteltaub,Action,Adventure,Mystery,6.9,47.0,40.0,PG,0,1,"new york city, treasure, philadelphia, pennsylvania, washington dc, usa, riddle, fbi, translation, expedition, secret society, family history",7.55,7.66
Due Date,2010,95.0,Todd Phillips,Comedy,Drama,,6.5,39.0,51.0,R,0,0,"highway, slacker, hitchhiker, wallet, sunglasses, rest stop, vicodin, waffle",7.51,7.62
Rush Hour 3,2007,91.0,Brett Ratner,Action,Comedy,Crime,6.3,17.0,44.0,PG-13,0,0,"martial arts, ambassador, cop, los angeles, california, interracial friendship, buddy cop, criminal organization, action hero",7.5,7.6
Bottle Rocket,1996,91.0,Wes Anderson,Comedy,Crime,Drama,6.9,86.0,67.0,R,0,2,"robbery, sibling relationship, burglar, motel, language barrier, heist, psychiatric hospital, maid, theft, nervous breakdown",7.46,7.56
Jack Frost,1998,101.0,Troy Miller,Comedy,Drama,Family,5.5,19.0,40.0,PG,0,0,"loss of loved one, holiday, christmas party, loss, snowman, christmas story, christmas",7.46,7.55
Invincible,2006,105.0,Ericson Core,Biography,Drama,Sport,7.0,71.0,63.0,PG,0,0,"philadelphia, pennsylvania, advancement, sports, american football, bad luck, based on true story",7.45,7.55
Drive,2011,100.0,Nicolas Winding Refn,Action,Drama,,7.8,93.0,79.0,R,0,79,"robbery, car mechanic, stuntman, beaten to death, revenge, organized crime, neighbor, police chase, los angeles, california, brutality",7.45,7.54
Maverick,1994,127.0,Richard Donner,Action,Adventure,Comedy,7.0,67.0,62.0,PG,0,1,"ship, saloon, poker, mississippi river, native american, oregon, usa, con artist, steamboat, on the run, attempted robbery",7.45,7.54
The Town,2010,125.0,Ben Affleck,Crime,Drama,Thriller,7.5,92.0,74.0,R,0,9,"drug dealer, based on novel or book, ambulance, boston, massachusetts, money laundering, irish-american, bank manager, massachusetts, florist, flower shop",7.45,7.54
We Were Soldiers,2002,138.0,Randall Wallace,Action,Drama,History,7.2,63.0,65.0,R,0,3,"vietnam war, vietnam veteran, hero, army, based on novel or book, steel helmet, missile, based on true story, major, battlefield",7.45,7.54
Apocalypse Now,1979,147.0,Francis Ford Coppola,Drama,Mystery,War,8.4,91.0,94.0,R,2,21,"guerrilla warfare, vietnam war, journalist, mission, vietnam, vietcong, central intelligence agency (cia), cambodia, army, drug abuse",7.44,7.53
Dumb and Dumber To,2014,109.0,Bobby Farrelly,Comedy,,,5.6,31.0,36.0,PG-13,0,1,"friendship, road trip, sequel, buddy comedy, aftercreditsstinger, duringcreditsstinger",7.41,7.49
Bruce Almighty,2003,101.0,Tom Shadyac,Comedy,Fantasy,,6.8,48.0,46.0,PG-13,0,7,"new love, lovesickness, moon, street gang, moses, faith, prayer, christianity, journalism, car crash",7.38,7.46
Friday,1995,91.0,F. Gary Gray,Comedy,Drama,,7.2,80.5,54.0,R,0,1,"drug dealer, rap music, parent child relationship, rapper, male friendship, urban life, slacker, pot smoking, bully, marijuana",7.38,7.46
One Battle After Another,2025,161.0,Paul Thomas Anderson,Action,Crime,Drama,7.8,95.0,95.0,R,0,131,"rebellion, based on novel or book, resistance, usa–mexico border, riot, interracial relationship, on the run, xenophobia, aftercreditsstinger, missing daughter",7.38,7.46
Little Miss Sunshine,2006,101.0,Jonathan Dayton,Comedy,Drama,,7.8,91.0,80.0,R,2,73,"california, husband wife relationship, sibling relationship, literature professor, family's daily life, highway, beauty contest, beauty queen contest, dysfunctional family, road trip",7.34,7.41
The Outsiders,1983,91.0,Francis Ford Coppola,Crime,Drama,,7.0,71.0,45.0,PG,0,1,"street gang, based on novel or book, children's home, coming of age, gang, juvenile delinquent, tulsa, oklahoma, based on young adult novel, teenager",7.34,7.41
Forgetting Sarah Marshall,2008,111.0,Nicholas Stoller,Comedy,Drama,Romance,7.1,84.0,67.0,R,0,4,"rock star, ex-girlfriend, hawaii, beauty, vacation, one-night stand, celebrity, break-up, dumped",7.23,7.28
Warrior,2011,140.0,Gavin O'Connor,Action,Drama,Sport,8.1,84.0,71.0,PG-13,0,6,"bank, training, beating, mixed martial arts (mma), teacher, muscleman, combat, alcoholic, gym, exercise",7.19,7.23
The Holiday,2006,136.0,Nancy Meyers,Comedy,Romance,,7.0,51.0,52.0,PG-13,0,2,"london, england, holiday, movie business, christmas party, country house, vacation, surrey, romance, los angeles, california, multiple storylines",7.17,7.21
The Rainmaker,1997,135.0,Francis Ford Coppola,Crime,Drama,Thriller,7.2,82.0,72.0,PG-13,0,2,"court case, jurors, proof, leukemia, lawyer, courtroom, legal thriller, inspirational, dramatic",7.15,7.19
Without Remorse,2021,109.0,Stefano Sollima,Action,Drama,Thriller,5.8,45.0,41.0,R,0,0,duringcreditsstinger,7.13,7.16
Four Brothers,2005,109.0,John Singleton,Action,Crime,Drama,6.8,80.5,49.0,R,0,5,"robbery, sibling relationship, arbitrary law, adoptive mother, revenge, murder, detroit, michigan, duringcreditsstinger, interracial adoption",7.06,7.09
Killers of the Flower Moon,2023,206.0,Martin Scorsese,Crime,Drama,History,7.5,93.0,89.0,R,0,136,"husband wife relationship, based on novel or book, war veteran, fbi, greed, oklahoma, manipulation, native american, based on true story, murder",7.03,7.05
Major League II,1994,105.0,David S. Ward,Comedy,Sport,,5.6,5.0,68.0,PG,0,1,"sports, baseball, sequel",7.02,7.03
Green Book,2018,130.0,Peter Farrelly,Biography,Comedy,Drama,8.2,77.0,69.0,PG-13,3,58,"friendship, southern usa, based on true story, road trip, racism, pianist, driver, lgbt, road movie, music tour",6.95,6.95
Rush Hour 2,2001,90.0,Brett Ratner,Action,Comedy,Crime,6.7,50.0,48.0,PG-13,0,10,"martial arts, los angeles, california, criminal investigation, interracial friendship, buddy cop, duringcreditsstinger, action hero, good versus evil",6.95,6.96
Now You See Me,2013,115.0,Louis Leterrier,Crime,Mystery,Thriller,7.2,51.0,50.0,PG-13,0,1,"new york city, paris, france, escape, magic, bank, fbi, vault, new orleans, louisiana, investigation, heist",6.93,6.93
Road House,1989,114.0,Rowdy Herrington,Action,Thriller,,6.7,44.0,36.0,R,0,0,"new love, showdown, protection money, nightclub, roadhouse, fistfight, stripper, strip club, revenge, bouncer",6.86,6.85
The Intern,2015,121.0,Nancy Meyers,Comedy,Drama,,7.1,59.0,51.0,PG-13,0,1,"new york city, friendship, san francisco, california, office, masseuse, website, tai chi, internet, fish out of water, brooklyn, new york city",6.81,6.79
The Good Shepherd,2006,167.0,Robert De Niro,Drama,History,Thriller,6.7,56.0,61.0,R,0,2,"berlin, germany, london, england, central intelligence agency (cia), husband wife relationship, cuba, wife, spy, cold war, return, mentor",6.78,6.75
A Star Is Born,2018,136.0,Bradley Cooper,Drama,Music,Romance,7.6,90.0,88.0,R,1,99,"concert, country music, waitress, pop star, self-destruction, show business, talent, addiction, death of father, alcoholism",6.76,6.72
Friday Night Lights,2004,118.0,Peter Berg,Action,Drama,Sport,7.2,82.0,70.0,PG-13,0,2,"high school, based on novel or book, sports, american football, texas, comeback, based on true story, coach, racism",6.75,6.72
The Color of Money,1986,119.0,Martin Scorsese,Drama,Sport,,7.0,87.0,77.0,R,1,3,"sports, pool billiards, hustler, talent, inspirational, understated",6.51,6.43
The Killing,1956,84.0,Stanley Kubrick,Crime,Drama,Film-Noir,7.9,96.0,91.0,Approved,0,0,"sniper, adultery, robbery, husband wife relationship, corruption, marriage crisis, gangster, ex-detainee, horse race, way of life",6.47,6.39
"Me, Myself & Irene",2000,116.0,Bobby Farrelly,Comedy,,,6.6,47.0,49.0,R,0,2,"schizophrenia, road trip, ex-cop, aftercreditsstinger, duringcreditsstinger, hilarious, ridiculous",6.21,6.08
Barry Lyndon,1975,185.0,Stanley Kubrick,Adventure,Drama,War,8.1,78.0,89.0,PG,4,18,"based on novel or book, gambling, desertion, fencing, palace, british army, opportunist, wealth, debt, duel",6.19,6.06
2001: A Space Odyssey,1968,149.0,Stanley Kubrick,Adventure,Sci-Fi,,8.3,90.0,84.0,G,1,18,"man vs machine, moon, jupiter, artificial intelligence (a.i.), based on novel or book, technology, super computer, space travel, space mission, moon base",6.17,6.04
Nightcrawler,2014,117.0,Dan Gilroy,Crime,Drama,Thriller,7.8,95.0,76.0,R,0,46,"underground, psychopath, journalism, job interview, cynicism, sociopath, murder, serial killer, crime scene, psychological thriller",6.14,5.99
Eyes Wide Shut,1999,159.0,Stanley Kubrick,Drama,Mystery,Thriller,7.5,76.0,69.0,R,0,12,"new york city, prostitute, based on novel or book, sexual obsession, sacrifice, christmas party, eroticism, orgy, masked ball, marriage",6.11,5.96
Ted 2,2015,115.0,Seth MacFarlane,Comedy,,,6.3,45.0,48.0,R,0,3,"sperm bank, sequel, buddy, courthouse, teddy bear, aftercreditsstinger, toy comes to life, provocative",6.09,5.94
Knocked Up,2007,129.0,Judd Apatow,Comedy,Romance,,6.9,90.0,85.0,R,0,8,"alcohol, pregnancy, bed, one-night stand, condom, paternity, drug use, beard, unprotected sex, duringcreditsstinger",5.98,5.81
Ferris Bueller's Day Off,1986,103.0,John Hughes,Comedy,,,7.8,83.0,61.0,PG-13,0,3,"chicago, illinois, high school, independence, coming of age, caper, breaking the fourth wall, teen movie, fantasy sequence, car theft, skipping school",5.88,5.69
John Wick: Chapter 3 - Parabellum,2019,130.0,Chad Stahelski,Action,Crime,Drama,7.4,89.0,73.0,R,0,18,"new york city, martial arts, bratva (russian mafia), casablanca, morocco, secret society, morocco, secret organization, black humor, sahara desert, sequel",5.75,5.54
Marley & Me,2008,115.0,David Frankel,Drama,Family,,7.0,63.0,53.0,PG,0,2,"journalist, based on novel or book, melancholy, puppy, love, dog, nostalgic, duringcreditsstinger, pets, columnist",5.69,5.47
Hoffa,1992,140.0,Danny DeVito,Biography,Crime,Drama,6.6,52.0,50.0,R,0,2,"gangster, 1970s, trade union, disappearance, detroit, michigan, 1960s, unassuming, jimmy hoffa, dreary, serious",5.3,5.01
Glory,1989,122.0,Edward Zwick,Biography,Drama,History,7.8,95.0,78.0,R,3,15,"based on true story, racism, battle, union soldier, confederate soldier, american civil war, 19th century, early america, african american history, american history",4.84,4.47
